model_name,model_version,evaluation_period,segment_type,segment_value,eligible_line_count,late_line_count,late_rate,recall,precision,false_positive_count,false_negative_count,PR_AUC,ROC_AUC,Brier_score,calibration_error,decision_threshold,top_5_pct_late_capture,top_10_pct_late_capture,top_20_pct_late_capture
logistic_regression,v1,2026-09-01_to_2026-09-15,overall,ALL,4436,2548,0.5743913435527502,0.7433281004709577,0.68499095840868,871,654,0.7312131416017982,0.6874183058164596,0.21907775902681792,0.02291175704572576,0.4951767390486201,0.07260596546310832,0.14835164835164835,0.2696232339089482
logistic_regression,v1,2026-09-01_to_2026-09-15,site_id,S001,608,375,0.6167763157894737,0.7893333333333333,0.7851458885941645,81,79,0.8187383187524164,0.7427067238912731,0.19862162378800508,0.08795416369733837,0.4951767390486201,0.07733333333333334,0.15466666666666667,0.27466666666666667
logistic_regression,v1,2026-09-01_to_2026-09-15,site_id,S002,611,354,0.5793780687397708,0.748587570621469,0.7402234636871509,93,89,0.8063808535872208,0.7442128866319329,0.20160715302264312,0.05911389042978272,0.4951767390486201,0.0847457627118644,0.1638418079096045,0.3022598870056497
logistic_regression,v1,2026-09-01_to_2026-09-15,site_id,S003,539,317,0.588126159554731,0.7034700315457413,0.6597633136094675,115,94,0.7223158716538338,0.6381334015403415,0.2309363498433334,0.11003317646123008,0.4951767390486201,0.08517350157728706,0.15141955835962145,0.23659305993690852
logistic_regression,v1,2026-09-01_to_2026-09-15,site_id,S004,541,312,0.5767097966728281,0.7724358974358975,0.6905444126074498,108,71,0.7492061160518942,0.6948549994401523,0.21638475745620192,0.03001488834374686,0.4951767390486201,0.08333333333333333,0.14102564102564102,0.266025641025641
logistic_regression,v1,2026-09-01_to_2026-09-15,site_id,S005,551,310,0.5626134301270418,0.7,0.6129943502824858,137,93,0.6696540801406998,0.5987418016329809,0.24463227917485592,0.07655823653634987,0.4951767390486201,0.07096774193548387,0.13548387096774195,0.26129032258064516
logistic_regression,v1,2026-09-01_to_2026-09-15,site_id,S006,598,337,0.5635451505016722,0.7507418397626113,0.6588541666666666,131,84,0.7210464002501806,0.686483167911593,0.22129568348057535,0.05790171493777785,0.4951767390486201,0.07418397626112759,0.1572700296735905,0.2789317507418398
logistic_regression,v1,2026-09-01_to_2026-09-15,site_id,S007,472,277,0.586864406779661,0.776173285198556,0.6847133757961783,99,62,0.6930776248269508,0.6784041469962048,0.21916749405294197,0.034773491949209825,0.4951767390486201,0.05776173285198556,0.13357400722021662,0.22743682310469315
logistic_regression,v1,2026-09-01_to_2026-09-15,site_id,S008,516,266,0.5155038759689923,0.6917293233082706,0.6323024054982818,107,82,0.6733896479026986,0.689593984962406,0.22436417285647686,0.07338317345599014,0.4951767390486201,0.05263157894736842,0.13533834586466165,0.3157894736842105
logistic_regression,v1,2026-09-01_to_2026-09-15,warehouse_id,WH0001,314,202,0.643312101910828,0.7475247524752475,0.7864583333333334,41,51,0.7777395579401541,0.6849805516265912,0.21297442831304864,0.10969399337359059,0.4951767390486201,0.06930693069306931,0.14356435643564355,0.24257425742574257
logistic_regression,v1,2026-09-01_to_2026-09-15,warehouse_id,WH0002,294,173,0.5884353741496599,0.838150289017341,0.7837837837837838,40,28,0.864764424836646,0.8055223809296326,0.1832924380027545,0.11433166488367723,0.4951767390486201,0.08670520231213873,0.17341040462427745,0.2947976878612717
logistic_regression,v1,2026-09-01_to_2026-09-15,warehouse_id,WH0003,359,201,0.5598885793871866,0.835820895522388,0.7567567567567568,54,33,0.843419849511876,0.7910447761194029,0.1876455213111737,0.1083199456189168,0.4951767390486201,0.08955223880597014,0.1791044776119403,0.31840796019900497
logistic_regression,v1,2026-09-01_to_2026-09-15,warehouse_id,WH0004,252,153,0.6071428571428571,0.6339869281045751,0.7132352941176471,39,56,0.7603178876285289,0.6658084109064503,0.22149693788144284,0.06520499098344446,0.4951767390486201,0.0784313725490196,0.1437908496732026,0.28104575163398693
logistic_regression,v1,2026-09-01_to_2026-09-15,warehouse_id,WH0005,259,150,0.5791505791505791,0.58,0.6744186046511628,42,63,0.6869115503417057,0.6124159021406729,0.24464523915972552,0.1707157964227934,0.4951767390486201,0.08666666666666667,0.14,0.20666666666666667
logistic_regression,v1,2026-09-01_to_2026-09-15,warehouse_id,WH0006,280,167,0.5964285714285714,0.8143712574850299,0.6507177033492823,73,31,0.767984986154792,0.6850723332096867,0.21825562722567068,0.09431536355990013,0.4951767390486201,0.08383233532934131,0.1497005988023952,0.2634730538922156
logistic_regression,v1,2026-09-01_to_2026-09-15,warehouse_id,WH0007,298,168,0.5637583892617449,0.7678571428571429,0.7049180327868853,54,39,0.7250369799067533,0.7033882783882783,0.2153621548135576,0.07926892396090607,0.4951767390486201,0.07738095238095238,0.13095238095238096,0.25595238095238093
logistic_regression,v1,2026-09-01_to_2026-09-15,warehouse_id,WH0008,243,144,0.5925925925925926,0.7777777777777778,0.6746987951807228,54,32,0.7755218973417461,0.6897446689113356,0.21763881337187266,0.051817061480635425,0.4951767390486201,0.09027777777777778,0.1597222222222222,0.2777777777777778
logistic_regression,v1,2026-09-01_to_2026-09-15,warehouse_id,WH0009,301,176,0.584717607973422,0.7159090909090909,0.65625,66,50,0.7302224139967324,0.6484545454545454,0.22955954211530802,0.06459783599693848,0.4951767390486201,0.07386363636363637,0.14204545454545456,0.29545454545454547
logistic_regression,v1,2026-09-01_to_2026-09-15,warehouse_id,WH0010,250,134,0.536,0.6791044776119403,0.5617283950617284,71,43,0.5977467612847376,0.5337750900669067,0.26277985459455144,0.11672759385506197,0.4951767390486201,0.07462686567164178,0.13432835820895522,0.21641791044776118
logistic_regression,v1,2026-09-01_to_2026-09-15,warehouse_id,WH0011,320,171,0.534375,0.7777777777777778,0.6519607843137255,71,38,0.7763722823952411,0.741277130185643,0.21086844878776873,0.08887126510604193,0.4951767390486201,0.08771929824561403,0.18128654970760233,0.3216374269005848
logistic_regression,v1,2026-09-01_to_2026-09-15,warehouse_id,WH0012,278,166,0.5971223021582733,0.7228915662650602,0.6666666666666666,60,46,0.6732258191810296,0.6185456110154905,0.23329825578884197,0.057525391153027086,0.4951767390486201,0.060240963855421686,0.12048192771084337,0.21084337349397592
logistic_regression,v1,2026-09-01_to_2026-09-15,warehouse_id,WH0013,260,154,0.5923076923076923,0.7792207792207793,0.6593406593406593,62,34,0.6633928037069798,0.6304827248223476,0.23240136134249761,0.04186843795976282,0.4951767390486201,0.05194805194805195,0.11688311688311688,0.21428571428571427
logistic_regression,v1,2026-09-01_to_2026-09-15,warehouse_id,WH0014,212,123,0.5801886792452831,0.7723577235772358,0.7196969696969697,37,28,0.7253752571855832,0.7317986663012698,0.20293727945254347,0.0451804476565179,0.4951767390486201,0.04878048780487805,0.13008130081300814,0.24390243902439024
logistic_regression,v1,2026-09-01_to_2026-09-15,warehouse_id,WH0015,295,154,0.5220338983050847,0.7012987012987013,0.6467065868263473,59,46,0.7707336091061926,0.7419176568112739,0.21200458654976415,0.1015388352921488,0.4951767390486201,0.07792207792207792,0.16233766233766234,0.34415584415584416
logistic_regression,v1,2026-09-01_to_2026-09-15,warehouse_id,WH0016,221,112,0.5067873303167421,0.6785714285714286,0.6129032258064516,48,36,0.5848987023561029,0.6359764089121888,0.24086226317539192,0.06050900054291995,0.4951767390486201,0.044642857142857144,0.08928571428571429,0.25892857142857145
logistic_regression,v1,2026-09-01_to_2026-09-15,service_level,priority,1165,658,0.5648068669527897,0.7644376899696048,0.7044817927170869,211,155,0.733309260400689,0.715616625600259,0.21140207487303486,0.04230987379201471,0.4951767390486201,0.0668693009118541,0.1474164133738602,0.2765957446808511
logistic_regression,v1,2026-09-01_to_2026-09-15,service_level,standard,2791,1612,0.5775707631673236,0.7289081885856079,0.6772334293948127,560,437,0.728636011392195,0.6718935801674044,0.22298229873357203,0.030667510175421624,0.4951767390486201,0.07568238213399504,0.14826302729528537,0.2661290322580645
logistic_regression,v1,2026-09-01_to_2026-09-15,service_level,strategic,480,278,0.5791666666666667,0.7769784172661871,0.6835443037974683,100,62,0.7416786349508818,0.6968266970581951,0.21500401260516497,0.07682876717050831,0.4951767390486201,0.0683453237410072,0.14028776978417265,0.27697841726618705
logistic_regression,v1,2026-09-01_to_2026-09-15,product_family,consumer_appliances,787,446,0.5667090216010165,0.742152466367713,0.6528599605522682,176,115,0.6965058351265924,0.6555172731217863,0.22950113916803558,0.03829113967836374,0.4951767390486201,0.07174887892376682,0.14573991031390135,0.26905829596412556
logistic_regression,v1,2026-09-01_to_2026-09-15,product_family,engine_systems,1173,703,0.5993179880647911,0.7553342816500711,0.7165991902834008,210,172,0.7640045006534127,0.7075421446082141,0.2100322318156725,0.024158757873284156,0.4951767390486201,0.07112375533428165,0.1465149359886202,0.26600284495021337
logistic_regression,v1,2026-09-01_to_2026-09-15,product_family,fabricated_frames,675,407,0.6029629629629629,0.7665847665847666,0.7238979118329466,119,95,0.7404442726688398,0.6828266529759066,0.21613389404725167,0.04599316581227509,0.4951767390486201,0.06633906633906633,0.1375921375921376,0.25307125307125306
logistic_regression,v1,2026-09-01_to_2026-09-15,product_family,industrial_pumps,815,454,0.5570552147239264,0.7290748898678414,0.6713995943204868,162,123,0.7358441373949143,0.6973165582632678,0.21877047098488575,0.0580024543148888,0.4951767390486201,0.07929515418502203,0.15638766519823788,0.2775330396475771
logistic_regression,v1,2026-09-01_to_2026-09-15,product_family,vehicle_electronics,986,538,0.5456389452332657,0.7230483271375465,0.6559865092748736,204,149,0.7137648912794579,0.6840522105682422,0.22378846071334652,0.037019259185041786,0.4951767390486201,0.07434944237918216,0.15427509293680297,0.28066914498141265
logistic_regression,v1,2026-09-01_to_2026-09-15,order_priority,allocation_critical,198,105,0.5303030303030303,0.6190476190476191,0.6190476190476191,40,40,0.7226155405781116,0.6439324116743471,0.2349123930457001,0.09472028749836653,0.4951767390486201,0.09523809523809523,0.19047619047619047,0.3142857142857143
logistic_regression,v1,2026-09-01_to_2026-09-15,order_priority,priority,1154,706,0.6117850953206239,0.7592067988668555,0.7043363994743759,225,170,0.7515941344846053,0.6850149231080533,0.21315596603166756,0.05349096787217078,0.4951767390486201,0.0679886685552408,0.13031161473087818,0.2535410764872521
logistic_regression,v1,2026-09-01_to_2026-09-15,order_priority,standard,2516,1414,0.5620031796502385,0.7411598302687411,0.6796368352788587,494,366,0.7138118536133624,0.6831696003409,0.2218095311732083,0.04402276033706117,0.4951767390486201,0.07072135785007072,0.1485148514851485,0.26591230551626593
logistic_regression,v1,2026-09-01_to_2026-09-15,order_priority,urgent,568,323,0.5686619718309859,0.7585139318885449,0.6862745098039216,112,78,0.788035965923404,0.7185948063435901,0.21348859152742805,0.07145322419452696,0.4951767390486201,0.08978328173374613,0.16718266253869968,0.30030959752321984
