"date_key","date","day","day_name","day_of_week","week_of_year","month","month_name","month_year","quarter","quarter_name","year","financial_month","financial_quarter","financial_year","is_weekend"
20240101,2024-01-01,1,"Monday",2,1,1,"January","Jan-2024",1,"Q1",2024,10,"Q4","FY2023-24",false
20240102,2024-01-02,2,"Tuesday",3,1,1,"January","Jan-2024",1,"Q1",2024,10,"Q4","FY2023-24",false
20240103,2024-01-03,3,"Wednesday",4,1,1,"January","Jan-2024",1,"Q1",2024,10,"Q4","FY2023-24",false
20240104,2024-01-04,4,"Thursday",5,1,1,"January","Jan-2024",1,"Q1",2024,10,"Q4","FY2023-24",false
20240105,2024-01-05,5,"Friday",6,1,1,"January","Jan-2024",1,"Q1",2024,10,"Q4","FY2023-24",false
20240106,2024-01-06,6,"Saturday",7,1,1,"January","Jan-2024",1,"Q1",2024,10,"Q4","FY2023-24",true
20240107,2024-01-07,7,"Sunday",1,1,1,"January","Jan-2024",1,"Q1",2024,10,"Q4","FY2023-24",true
20240108,2024-01-08,8,"Monday",2,2,1,"January","Jan-2024",1,"Q1",2024,10,"Q4","FY2023-24",false
20240109,2024-01-09,9,"Tuesday",3,2,1,"January","Jan-2024",1,"Q1",2024,10,"Q4","FY2023-24",false
20240110,2024-01-10,10,"Wednesday",4,2,1,"January","Jan-2024",1,"Q1",2024,10,"Q4","FY2023-24",false
20240111,2024-01-11,11,"Thursday",5,2,1,"January","Jan-2024",1,"Q1",2024,10,"Q4","FY2023-24",false
20240112,2024-01-12,12,"Friday",6,2,1,"January","Jan-2024",1,"Q1",2024,10,"Q4","FY2023-24",false
20240113,2024-01-13,13,"Saturday",7,2,1,"January","Jan-2024",1,"Q1",2024,10,"Q4","FY2023-24",true
20240114,2024-01-14,14,"Sunday",1,2,1,"January","Jan-2024",1,"Q1",2024,10,"Q4","FY2023-24",true
20240115,2024-01-15,15,"Monday",2,3,1,"January","Jan-2024",1,"Q1",2024,10,"Q4","FY2023-24",false
20240116,2024-01-16,16,"Tuesday",3,3,1,"January","Jan-2024",1,"Q1",2024,10,"Q4","FY2023-24",false
20240117,2024-01-17,17,"Wednesday",4,3,1,"January","Jan-2024",1,"Q1",2024,10,"Q4","FY2023-24",false
20240118,2024-01-18,18,"Thursday",5,3,1,"January","Jan-2024",1,"Q1",2024,10,"Q4","FY2023-24",false
20240119,2024-01-19,19,"Friday",6,3,1,"January","Jan-2024",1,"Q1",2024,10,"Q4","FY2023-24",false
20240120,2024-01-20,20,"Saturday",7,3,1,"January","Jan-2024",1,"Q1",2024,10,"Q4","FY2023-24",true
20240121,2024-01-21,21,"Sunday",1,3,1,"January","Jan-2024",1,"Q1",2024,10,"Q4","FY2023-24",true
20240122,2024-01-22,22,"Monday",2,4,1,"January","Jan-2024",1,"Q1",2024,10,"Q4","FY2023-24",false
20240123,2024-01-23,23,"Tuesday",3,4,1,"January","Jan-2024",1,"Q1",2024,10,"Q4","FY2023-24",false
20240124,2024-01-24,24,"Wednesday",4,4,1,"January","Jan-2024",1,"Q1",2024,10,"Q4","FY2023-24",false
20240125,2024-01-25,25,"Thursday",5,4,1,"January","Jan-2024",1,"Q1",2024,10,"Q4","FY2023-24",false
20240126,2024-01-26,26,"Friday",6,4,1,"January","Jan-2024",1,"Q1",2024,10,"Q4","FY2023-24",false
20240127,2024-01-27,27,"Saturday",7,4,1,"January","Jan-2024",1,"Q1",2024,10,"Q4","FY2023-24",true
20240128,2024-01-28,28,"Sunday",1,4,1,"January","Jan-2024",1,"Q1",2024,10,"Q4","FY2023-24",true
20240129,2024-01-29,29,"Monday",2,5,1,"January","Jan-2024",1,"Q1",2024,10,"Q4","FY2023-24",false
20240130,2024-01-30,30,"Tuesday",3,5,1,"January","Jan-2024",1,"Q1",2024,10,"Q4","FY2023-24",false
20240131,2024-01-31,31,"Wednesday",4,5,1,"January","Jan-2024",1,"Q1",2024,10,"Q4","FY2023-24",false
20240201,2024-02-01,1,"Thursday",5,5,2,"February","Feb-2024",1,"Q1",2024,11,"Q4","FY2023-24",false
20240202,2024-02-02,2,"Friday",6,5,2,"February","Feb-2024",1,"Q1",2024,11,"Q4","FY2023-24",false
20240203,2024-02-03,3,"Saturday",7,5,2,"February","Feb-2024",1,"Q1",2024,11,"Q4","FY2023-24",true
20240204,2024-02-04,4,"Sunday",1,5,2,"February","Feb-2024",1,"Q1",2024,11,"Q4","FY2023-24",true
20240205,2024-02-05,5,"Monday",2,6,2,"February","Feb-2024",1,"Q1",2024,11,"Q4","FY2023-24",false
20240206,2024-02-06,6,"Tuesday",3,6,2,"February","Feb-2024",1,"Q1",2024,11,"Q4","FY2023-24",false
20240207,2024-02-07,7,"Wednesday",4,6,2,"February","Feb-2024",1,"Q1",2024,11,"Q4","FY2023-24",false
20240208,2024-02-08,8,"Thursday",5,6,2,"February","Feb-2024",1,"Q1",2024,11,"Q4","FY2023-24",false
20240209,2024-02-09,9,"Friday",6,6,2,"February","Feb-2024",1,"Q1",2024,11,"Q4","FY2023-24",false
20240210,2024-02-10,10,"Saturday",7,6,2,"February","Feb-2024",1,"Q1",2024,11,"Q4","FY2023-24",true
20240211,2024-02-11,11,"Sunday",1,6,2,"February","Feb-2024",1,"Q1",2024,11,"Q4","FY2023-24",true
20240212,2024-02-12,12,"Monday",2,7,2,"February","Feb-2024",1,"Q1",2024,11,"Q4","FY2023-24",false
20240213,2024-02-13,13,"Tuesday",3,7,2,"February","Feb-2024",1,"Q1",2024,11,"Q4","FY2023-24",false
20240214,2024-02-14,14,"Wednesday",4,7,2,"February","Feb-2024",1,"Q1",2024,11,"Q4","FY2023-24",false
20240215,2024-02-15,15,"Thursday",5,7,2,"February","Feb-2024",1,"Q1",2024,11,"Q4","FY2023-24",false
20240216,2024-02-16,16,"Friday",6,7,2,"February","Feb-2024",1,"Q1",2024,11,"Q4","FY2023-24",false
20240217,2024-02-17,17,"Saturday",7,7,2,"February","Feb-2024",1,"Q1",2024,11,"Q4","FY2023-24",true
20240218,2024-02-18,18,"Sunday",1,7,2,"February","Feb-2024",1,"Q1",2024,11,"Q4","FY2023-24",true
20240219,2024-02-19,19,"Monday",2,8,2,"February","Feb-2024",1,"Q1",2024,11,"Q4","FY2023-24",false
20240220,2024-02-20,20,"Tuesday",3,8,2,"February","Feb-2024",1,"Q1",2024,11,"Q4","FY2023-24",false
20240221,2024-02-21,21,"Wednesday",4,8,2,"February","Feb-2024",1,"Q1",2024,11,"Q4","FY2023-24",false
20240222,2024-02-22,22,"Thursday",5,8,2,"February","Feb-2024",1,"Q1",2024,11,"Q4","FY2023-24",false
20240223,2024-02-23,23,"Friday",6,8,2,"February","Feb-2024",1,"Q1",2024,11,"Q4","FY2023-24",false
20240224,2024-02-24,24,"Saturday",7,8,2,"February","Feb-2024",1,"Q1",2024,11,"Q4","FY2023-24",true
20240225,2024-02-25,25,"Sunday",1,8,2,"February","Feb-2024",1,"Q1",2024,11,"Q4","FY2023-24",true
20240226,2024-02-26,26,"Monday",2,9,2,"February","Feb-2024",1,"Q1",2024,11,"Q4","FY2023-24",false
20240227,2024-02-27,27,"Tuesday",3,9,2,"February","Feb-2024",1,"Q1",2024,11,"Q4","FY2023-24",false
20240228,2024-02-28,28,"Wednesday",4,9,2,"February","Feb-2024",1,"Q1",2024,11,"Q4","FY2023-24",false
20240229,2024-02-29,29,"Thursday",5,9,2,"February","Feb-2024",1,"Q1",2024,11,"Q4","FY2023-24",false
20240301,2024-03-01,1,"Friday",6,9,3,"March","Mar-2024",1,"Q1",2024,12,"Q4","FY2023-24",false
20240302,2024-03-02,2,"Saturday",7,9,3,"March","Mar-2024",1,"Q1",2024,12,"Q4","FY2023-24",true
20240303,2024-03-03,3,"Sunday",1,9,3,"March","Mar-2024",1,"Q1",2024,12,"Q4","FY2023-24",true
20240304,2024-03-04,4,"Monday",2,10,3,"March","Mar-2024",1,"Q1",2024,12,"Q4","FY2023-24",false
20240305,2024-03-05,5,"Tuesday",3,10,3,"March","Mar-2024",1,"Q1",2024,12,"Q4","FY2023-24",false
20240306,2024-03-06,6,"Wednesday",4,10,3,"March","Mar-2024",1,"Q1",2024,12,"Q4","FY2023-24",false
20240307,2024-03-07,7,"Thursday",5,10,3,"March","Mar-2024",1,"Q1",2024,12,"Q4","FY2023-24",false
20240308,2024-03-08,8,"Friday",6,10,3,"March","Mar-2024",1,"Q1",2024,12,"Q4","FY2023-24",false
20240309,2024-03-09,9,"Saturday",7,10,3,"March","Mar-2024",1,"Q1",2024,12,"Q4","FY2023-24",true
20240310,2024-03-10,10,"Sunday",1,10,3,"March","Mar-2024",1,"Q1",2024,12,"Q4","FY2023-24",true
20240311,2024-03-11,11,"Monday",2,11,3,"March","Mar-2024",1,"Q1",2024,12,"Q4","FY2023-24",false
20240312,2024-03-12,12,"Tuesday",3,11,3,"March","Mar-2024",1,"Q1",2024,12,"Q4","FY2023-24",false
20240313,2024-03-13,13,"Wednesday",4,11,3,"March","Mar-2024",1,"Q1",2024,12,"Q4","FY2023-24",false
20240314,2024-03-14,14,"Thursday",5,11,3,"March","Mar-2024",1,"Q1",2024,12,"Q4","FY2023-24",false
20240315,2024-03-15,15,"Friday",6,11,3,"March","Mar-2024",1,"Q1",2024,12,"Q4","FY2023-24",false
20240316,2024-03-16,16,"Saturday",7,11,3,"March","Mar-2024",1,"Q1",2024,12,"Q4","FY2023-24",true
20240317,2024-03-17,17,"Sunday",1,11,3,"March","Mar-2024",1,"Q1",2024,12,"Q4","FY2023-24",true
20240318,2024-03-18,18,"Monday",2,12,3,"March","Mar-2024",1,"Q1",2024,12,"Q4","FY2023-24",false
20240319,2024-03-19,19,"Tuesday",3,12,3,"March","Mar-2024",1,"Q1",2024,12,"Q4","FY2023-24",false
20240320,2024-03-20,20,"Wednesday",4,12,3,"March","Mar-2024",1,"Q1",2024,12,"Q4","FY2023-24",false
20240321,2024-03-21,21,"Thursday",5,12,3,"March","Mar-2024",1,"Q1",2024,12,"Q4","FY2023-24",false
20240322,2024-03-22,22,"Friday",6,12,3,"March","Mar-2024",1,"Q1",2024,12,"Q4","FY2023-24",false
20240323,2024-03-23,23,"Saturday",7,12,3,"March","Mar-2024",1,"Q1",2024,12,"Q4","FY2023-24",true
20240324,2024-03-24,24,"Sunday",1,12,3,"March","Mar-2024",1,"Q1",2024,12,"Q4","FY2023-24",true
20240325,2024-03-25,25,"Monday",2,13,3,"March","Mar-2024",1,"Q1",2024,12,"Q4","FY2023-24",false
20240326,2024-03-26,26,"Tuesday",3,13,3,"March","Mar-2024",1,"Q1",2024,12,"Q4","FY2023-24",false
20240327,2024-03-27,27,"Wednesday",4,13,3,"March","Mar-2024",1,"Q1",2024,12,"Q4","FY2023-24",false
20240328,2024-03-28,28,"Thursday",5,13,3,"March","Mar-2024",1,"Q1",2024,12,"Q4","FY2023-24",false
20240329,2024-03-29,29,"Friday",6,13,3,"March","Mar-2024",1,"Q1",2024,12,"Q4","FY2023-24",false
20240330,2024-03-30,30,"Saturday",7,13,3,"March","Mar-2024",1,"Q1",2024,12,"Q4","FY2023-24",true
20240331,2024-03-31,31,"Sunday",1,13,3,"March","Mar-2024",1,"Q1",2024,12,"Q4","FY2023-24",true
20240401,2024-04-01,1,"Monday",2,14,4,"April","Apr-2024",2,"Q2",2024,1,"Q1","FY2024-25",false
20240402,2024-04-02,2,"Tuesday",3,14,4,"April","Apr-2024",2,"Q2",2024,1,"Q1","FY2024-25",false
20240403,2024-04-03,3,"Wednesday",4,14,4,"April","Apr-2024",2,"Q2",2024,1,"Q1","FY2024-25",false
20240404,2024-04-04,4,"Thursday",5,14,4,"April","Apr-2024",2,"Q2",2024,1,"Q1","FY2024-25",false
20240405,2024-04-05,5,"Friday",6,14,4,"April","Apr-2024",2,"Q2",2024,1,"Q1","FY2024-25",false
20240406,2024-04-06,6,"Saturday",7,14,4,"April","Apr-2024",2,"Q2",2024,1,"Q1","FY2024-25",true
20240407,2024-04-07,7,"Sunday",1,14,4,"April","Apr-2024",2,"Q2",2024,1,"Q1","FY2024-25",true
20240408,2024-04-08,8,"Monday",2,15,4,"April","Apr-2024",2,"Q2",2024,1,"Q1","FY2024-25",false
20240409,2024-04-09,9,"Tuesday",3,15,4,"April","Apr-2024",2,"Q2",2024,1,"Q1","FY2024-25",false
20240410,2024-04-10,10,"Wednesday",4,15,4,"April","Apr-2024",2,"Q2",2024,1,"Q1","FY2024-25",false
20240411,2024-04-11,11,"Thursday",5,15,4,"April","Apr-2024",2,"Q2",2024,1,"Q1","FY2024-25",false
20240412,2024-04-12,12,"Friday",6,15,4,"April","Apr-2024",2,"Q2",2024,1,"Q1","FY2024-25",false
20240413,2024-04-13,13,"Saturday",7,15,4,"April","Apr-2024",2,"Q2",2024,1,"Q1","FY2024-25",true
20240414,2024-04-14,14,"Sunday",1,15,4,"April","Apr-2024",2,"Q2",2024,1,"Q1","FY2024-25",true
20240415,2024-04-15,15,"Monday",2,16,4,"April","Apr-2024",2,"Q2",2024,1,"Q1","FY2024-25",false
20240416,2024-04-16,16,"Tuesday",3,16,4,"April","Apr-2024",2,"Q2",2024,1,"Q1","FY2024-25",false
20240417,2024-04-17,17,"Wednesday",4,16,4,"April","Apr-2024",2,"Q2",2024,1,"Q1","FY2024-25",false
20240418,2024-04-18,18,"Thursday",5,16,4,"April","Apr-2024",2,"Q2",2024,1,"Q1","FY2024-25",false
20240419,2024-04-19,19,"Friday",6,16,4,"April","Apr-2024",2,"Q2",2024,1,"Q1","FY2024-25",false
20240420,2024-04-20,20,"Saturday",7,16,4,"April","Apr-2024",2,"Q2",2024,1,"Q1","FY2024-25",true
20240421,2024-04-21,21,"Sunday",1,16,4,"April","Apr-2024",2,"Q2",2024,1,"Q1","FY2024-25",true
20240422,2024-04-22,22,"Monday",2,17,4,"April","Apr-2024",2,"Q2",2024,1,"Q1","FY2024-25",false
20240423,2024-04-23,23,"Tuesday",3,17,4,"April","Apr-2024",2,"Q2",2024,1,"Q1","FY2024-25",false
20240424,2024-04-24,24,"Wednesday",4,17,4,"April","Apr-2024",2,"Q2",2024,1,"Q1","FY2024-25",false
20240425,2024-04-25,25,"Thursday",5,17,4,"April","Apr-2024",2,"Q2",2024,1,"Q1","FY2024-25",false
20240426,2024-04-26,26,"Friday",6,17,4,"April","Apr-2024",2,"Q2",2024,1,"Q1","FY2024-25",false
20240427,2024-04-27,27,"Saturday",7,17,4,"April","Apr-2024",2,"Q2",2024,1,"Q1","FY2024-25",true
20240428,2024-04-28,28,"Sunday",1,17,4,"April","Apr-2024",2,"Q2",2024,1,"Q1","FY2024-25",true
20240429,2024-04-29,29,"Monday",2,18,4,"April","Apr-2024",2,"Q2",2024,1,"Q1","FY2024-25",false
20240430,2024-04-30,30,"Tuesday",3,18,4,"April","Apr-2024",2,"Q2",2024,1,"Q1","FY2024-25",false
20240501,2024-05-01,1,"Wednesday",4,18,5,"May","May-2024",2,"Q2",2024,2,"Q1","FY2024-25",false
20240502,2024-05-02,2,"Thursday",5,18,5,"May","May-2024",2,"Q2",2024,2,"Q1","FY2024-25",false
20240503,2024-05-03,3,"Friday",6,18,5,"May","May-2024",2,"Q2",2024,2,"Q1","FY2024-25",false
20240504,2024-05-04,4,"Saturday",7,18,5,"May","May-2024",2,"Q2",2024,2,"Q1","FY2024-25",true
20240505,2024-05-05,5,"Sunday",1,18,5,"May","May-2024",2,"Q2",2024,2,"Q1","FY2024-25",true
20240506,2024-05-06,6,"Monday",2,19,5,"May","May-2024",2,"Q2",2024,2,"Q1","FY2024-25",false
20240507,2024-05-07,7,"Tuesday",3,19,5,"May","May-2024",2,"Q2",2024,2,"Q1","FY2024-25",false
20240508,2024-05-08,8,"Wednesday",4,19,5,"May","May-2024",2,"Q2",2024,2,"Q1","FY2024-25",false
20240509,2024-05-09,9,"Thursday",5,19,5,"May","May-2024",2,"Q2",2024,2,"Q1","FY2024-25",false
20240510,2024-05-10,10,"Friday",6,19,5,"May","May-2024",2,"Q2",2024,2,"Q1","FY2024-25",false
20240511,2024-05-11,11,"Saturday",7,19,5,"May","May-2024",2,"Q2",2024,2,"Q1","FY2024-25",true
20240512,2024-05-12,12,"Sunday",1,19,5,"May","May-2024",2,"Q2",2024,2,"Q1","FY2024-25",true
20240513,2024-05-13,13,"Monday",2,20,5,"May","May-2024",2,"Q2",2024,2,"Q1","FY2024-25",false
20240514,2024-05-14,14,"Tuesday",3,20,5,"May","May-2024",2,"Q2",2024,2,"Q1","FY2024-25",false
20240515,2024-05-15,15,"Wednesday",4,20,5,"May","May-2024",2,"Q2",2024,2,"Q1","FY2024-25",false
20240516,2024-05-16,16,"Thursday",5,20,5,"May","May-2024",2,"Q2",2024,2,"Q1","FY2024-25",false
20240517,2024-05-17,17,"Friday",6,20,5,"May","May-2024",2,"Q2",2024,2,"Q1","FY2024-25",false
20240518,2024-05-18,18,"Saturday",7,20,5,"May","May-2024",2,"Q2",2024,2,"Q1","FY2024-25",true
20240519,2024-05-19,19,"Sunday",1,20,5,"May","May-2024",2,"Q2",2024,2,"Q1","FY2024-25",true
20240520,2024-05-20,20,"Monday",2,21,5,"May","May-2024",2,"Q2",2024,2,"Q1","FY2024-25",false
20240521,2024-05-21,21,"Tuesday",3,21,5,"May","May-2024",2,"Q2",2024,2,"Q1","FY2024-25",false
20240522,2024-05-22,22,"Wednesday",4,21,5,"May","May-2024",2,"Q2",2024,2,"Q1","FY2024-25",false
20240523,2024-05-23,23,"Thursday",5,21,5,"May","May-2024",2,"Q2",2024,2,"Q1","FY2024-25",false
20240524,2024-05-24,24,"Friday",6,21,5,"May","May-2024",2,"Q2",2024,2,"Q1","FY2024-25",false
20240525,2024-05-25,25,"Saturday",7,21,5,"May","May-2024",2,"Q2",2024,2,"Q1","FY2024-25",true
20240526,2024-05-26,26,"Sunday",1,21,5,"May","May-2024",2,"Q2",2024,2,"Q1","FY2024-25",true
20240527,2024-05-27,27,"Monday",2,22,5,"May","May-2024",2,"Q2",2024,2,"Q1","FY2024-25",false
20240528,2024-05-28,28,"Tuesday",3,22,5,"May","May-2024",2,"Q2",2024,2,"Q1","FY2024-25",false
20240529,2024-05-29,29,"Wednesday",4,22,5,"May","May-2024",2,"Q2",2024,2,"Q1","FY2024-25",false
20240530,2024-05-30,30,"Thursday",5,22,5,"May","May-2024",2,"Q2",2024,2,"Q1","FY2024-25",false
20240531,2024-05-31,31,"Friday",6,22,5,"May","May-2024",2,"Q2",2024,2,"Q1","FY2024-25",false
20240601,2024-06-01,1,"Saturday",7,22,6,"June","Jun-2024",2,"Q2",2024,3,"Q1","FY2024-25",true
20240602,2024-06-02,2,"Sunday",1,22,6,"June","Jun-2024",2,"Q2",2024,3,"Q1","FY2024-25",true
20240603,2024-06-03,3,"Monday",2,23,6,"June","Jun-2024",2,"Q2",2024,3,"Q1","FY2024-25",false
20240604,2024-06-04,4,"Tuesday",3,23,6,"June","Jun-2024",2,"Q2",2024,3,"Q1","FY2024-25",false
20240605,2024-06-05,5,"Wednesday",4,23,6,"June","Jun-2024",2,"Q2",2024,3,"Q1","FY2024-25",false
20240606,2024-06-06,6,"Thursday",5,23,6,"June","Jun-2024",2,"Q2",2024,3,"Q1","FY2024-25",false
20240607,2024-06-07,7,"Friday",6,23,6,"June","Jun-2024",2,"Q2",2024,3,"Q1","FY2024-25",false
20240608,2024-06-08,8,"Saturday",7,23,6,"June","Jun-2024",2,"Q2",2024,3,"Q1","FY2024-25",true
20240609,2024-06-09,9,"Sunday",1,23,6,"June","Jun-2024",2,"Q2",2024,3,"Q1","FY2024-25",true
20240610,2024-06-10,10,"Monday",2,24,6,"June","Jun-2024",2,"Q2",2024,3,"Q1","FY2024-25",false
20240611,2024-06-11,11,"Tuesday",3,24,6,"June","Jun-2024",2,"Q2",2024,3,"Q1","FY2024-25",false
20240612,2024-06-12,12,"Wednesday",4,24,6,"June","Jun-2024",2,"Q2",2024,3,"Q1","FY2024-25",false
20240613,2024-06-13,13,"Thursday",5,24,6,"June","Jun-2024",2,"Q2",2024,3,"Q1","FY2024-25",false
20240614,2024-06-14,14,"Friday",6,24,6,"June","Jun-2024",2,"Q2",2024,3,"Q1","FY2024-25",false
20240615,2024-06-15,15,"Saturday",7,24,6,"June","Jun-2024",2,"Q2",2024,3,"Q1","FY2024-25",true
20240616,2024-06-16,16,"Sunday",1,24,6,"June","Jun-2024",2,"Q2",2024,3,"Q1","FY2024-25",true
20240617,2024-06-17,17,"Monday",2,25,6,"June","Jun-2024",2,"Q2",2024,3,"Q1","FY2024-25",false
20240618,2024-06-18,18,"Tuesday",3,25,6,"June","Jun-2024",2,"Q2",2024,3,"Q1","FY2024-25",false
20240619,2024-06-19,19,"Wednesday",4,25,6,"June","Jun-2024",2,"Q2",2024,3,"Q1","FY2024-25",false
20240620,2024-06-20,20,"Thursday",5,25,6,"June","Jun-2024",2,"Q2",2024,3,"Q1","FY2024-25",false
20240621,2024-06-21,21,"Friday",6,25,6,"June","Jun-2024",2,"Q2",2024,3,"Q1","FY2024-25",false
20240622,2024-06-22,22,"Saturday",7,25,6,"June","Jun-2024",2,"Q2",2024,3,"Q1","FY2024-25",true
20240623,2024-06-23,23,"Sunday",1,25,6,"June","Jun-2024",2,"Q2",2024,3,"Q1","FY2024-25",true
20240624,2024-06-24,24,"Monday",2,26,6,"June","Jun-2024",2,"Q2",2024,3,"Q1","FY2024-25",false
20240625,2024-06-25,25,"Tuesday",3,26,6,"June","Jun-2024",2,"Q2",2024,3,"Q1","FY2024-25",false
20240626,2024-06-26,26,"Wednesday",4,26,6,"June","Jun-2024",2,"Q2",2024,3,"Q1","FY2024-25",false
20240627,2024-06-27,27,"Thursday",5,26,6,"June","Jun-2024",2,"Q2",2024,3,"Q1","FY2024-25",false
20240628,2024-06-28,28,"Friday",6,26,6,"June","Jun-2024",2,"Q2",2024,3,"Q1","FY2024-25",false
20240629,2024-06-29,29,"Saturday",7,26,6,"June","Jun-2024",2,"Q2",2024,3,"Q1","FY2024-25",true
20240630,2024-06-30,30,"Sunday",1,26,6,"June","Jun-2024",2,"Q2",2024,3,"Q1","FY2024-25",true
20240701,2024-07-01,1,"Monday",2,27,7,"July","Jul-2024",3,"Q3",2024,4,"Q2","FY2024-25",false
20240702,2024-07-02,2,"Tuesday",3,27,7,"July","Jul-2024",3,"Q3",2024,4,"Q2","FY2024-25",false
20240703,2024-07-03,3,"Wednesday",4,27,7,"July","Jul-2024",3,"Q3",2024,4,"Q2","FY2024-25",false
20240704,2024-07-04,4,"Thursday",5,27,7,"July","Jul-2024",3,"Q3",2024,4,"Q2","FY2024-25",false
20240705,2024-07-05,5,"Friday",6,27,7,"July","Jul-2024",3,"Q3",2024,4,"Q2","FY2024-25",false
20240706,2024-07-06,6,"Saturday",7,27,7,"July","Jul-2024",3,"Q3",2024,4,"Q2","FY2024-25",true
20240707,2024-07-07,7,"Sunday",1,27,7,"July","Jul-2024",3,"Q3",2024,4,"Q2","FY2024-25",true
20240708,2024-07-08,8,"Monday",2,28,7,"July","Jul-2024",3,"Q3",2024,4,"Q2","FY2024-25",false
20240709,2024-07-09,9,"Tuesday",3,28,7,"July","Jul-2024",3,"Q3",2024,4,"Q2","FY2024-25",false
20240710,2024-07-10,10,"Wednesday",4,28,7,"July","Jul-2024",3,"Q3",2024,4,"Q2","FY2024-25",false
20240711,2024-07-11,11,"Thursday",5,28,7,"July","Jul-2024",3,"Q3",2024,4,"Q2","FY2024-25",false
20240712,2024-07-12,12,"Friday",6,28,7,"July","Jul-2024",3,"Q3",2024,4,"Q2","FY2024-25",false
20240713,2024-07-13,13,"Saturday",7,28,7,"July","Jul-2024",3,"Q3",2024,4,"Q2","FY2024-25",true
20240714,2024-07-14,14,"Sunday",1,28,7,"July","Jul-2024",3,"Q3",2024,4,"Q2","FY2024-25",true
20240715,2024-07-15,15,"Monday",2,29,7,"July","Jul-2024",3,"Q3",2024,4,"Q2","FY2024-25",false
20240716,2024-07-16,16,"Tuesday",3,29,7,"July","Jul-2024",3,"Q3",2024,4,"Q2","FY2024-25",false
20240717,2024-07-17,17,"Wednesday",4,29,7,"July","Jul-2024",3,"Q3",2024,4,"Q2","FY2024-25",false
20240718,2024-07-18,18,"Thursday",5,29,7,"July","Jul-2024",3,"Q3",2024,4,"Q2","FY2024-25",false
20240719,2024-07-19,19,"Friday",6,29,7,"July","Jul-2024",3,"Q3",2024,4,"Q2","FY2024-25",false
20240720,2024-07-20,20,"Saturday",7,29,7,"July","Jul-2024",3,"Q3",2024,4,"Q2","FY2024-25",true
20240721,2024-07-21,21,"Sunday",1,29,7,"July","Jul-2024",3,"Q3",2024,4,"Q2","FY2024-25",true
20240722,2024-07-22,22,"Monday",2,30,7,"July","Jul-2024",3,"Q3",2024,4,"Q2","FY2024-25",false
20240723,2024-07-23,23,"Tuesday",3,30,7,"July","Jul-2024",3,"Q3",2024,4,"Q2","FY2024-25",false
20240724,2024-07-24,24,"Wednesday",4,30,7,"July","Jul-2024",3,"Q3",2024,4,"Q2","FY2024-25",false
20240725,2024-07-25,25,"Thursday",5,30,7,"July","Jul-2024",3,"Q3",2024,4,"Q2","FY2024-25",false
20240726,2024-07-26,26,"Friday",6,30,7,"July","Jul-2024",3,"Q3",2024,4,"Q2","FY2024-25",false
20240727,2024-07-27,27,"Saturday",7,30,7,"July","Jul-2024",3,"Q3",2024,4,"Q2","FY2024-25",true
20240728,2024-07-28,28,"Sunday",1,30,7,"July","Jul-2024",3,"Q3",2024,4,"Q2","FY2024-25",true
20240729,2024-07-29,29,"Monday",2,31,7,"July","Jul-2024",3,"Q3",2024,4,"Q2","FY2024-25",false
20240730,2024-07-30,30,"Tuesday",3,31,7,"July","Jul-2024",3,"Q3",2024,4,"Q2","FY2024-25",false
20240731,2024-07-31,31,"Wednesday",4,31,7,"July","Jul-2024",3,"Q3",2024,4,"Q2","FY2024-25",false
20240801,2024-08-01,1,"Thursday",5,31,8,"August","Aug-2024",3,"Q3",2024,5,"Q2","FY2024-25",false
20240802,2024-08-02,2,"Friday",6,31,8,"August","Aug-2024",3,"Q3",2024,5,"Q2","FY2024-25",false
20240803,2024-08-03,3,"Saturday",7,31,8,"August","Aug-2024",3,"Q3",2024,5,"Q2","FY2024-25",true
20240804,2024-08-04,4,"Sunday",1,31,8,"August","Aug-2024",3,"Q3",2024,5,"Q2","FY2024-25",true
20240805,2024-08-05,5,"Monday",2,32,8,"August","Aug-2024",3,"Q3",2024,5,"Q2","FY2024-25",false
20240806,2024-08-06,6,"Tuesday",3,32,8,"August","Aug-2024",3,"Q3",2024,5,"Q2","FY2024-25",false
20240807,2024-08-07,7,"Wednesday",4,32,8,"August","Aug-2024",3,"Q3",2024,5,"Q2","FY2024-25",false
20240808,2024-08-08,8,"Thursday",5,32,8,"August","Aug-2024",3,"Q3",2024,5,"Q2","FY2024-25",false
20240809,2024-08-09,9,"Friday",6,32,8,"August","Aug-2024",3,"Q3",2024,5,"Q2","FY2024-25",false
20240810,2024-08-10,10,"Saturday",7,32,8,"August","Aug-2024",3,"Q3",2024,5,"Q2","FY2024-25",true
20240811,2024-08-11,11,"Sunday",1,32,8,"August","Aug-2024",3,"Q3",2024,5,"Q2","FY2024-25",true
20240812,2024-08-12,12,"Monday",2,33,8,"August","Aug-2024",3,"Q3",2024,5,"Q2","FY2024-25",false
20240813,2024-08-13,13,"Tuesday",3,33,8,"August","Aug-2024",3,"Q3",2024,5,"Q2","FY2024-25",false
20240814,2024-08-14,14,"Wednesday",4,33,8,"August","Aug-2024",3,"Q3",2024,5,"Q2","FY2024-25",false
20240815,2024-08-15,15,"Thursday",5,33,8,"August","Aug-2024",3,"Q3",2024,5,"Q2","FY2024-25",false
20240816,2024-08-16,16,"Friday",6,33,8,"August","Aug-2024",3,"Q3",2024,5,"Q2","FY2024-25",false
20240817,2024-08-17,17,"Saturday",7,33,8,"August","Aug-2024",3,"Q3",2024,5,"Q2","FY2024-25",true
20240818,2024-08-18,18,"Sunday",1,33,8,"August","Aug-2024",3,"Q3",2024,5,"Q2","FY2024-25",true
20240819,2024-08-19,19,"Monday",2,34,8,"August","Aug-2024",3,"Q3",2024,5,"Q2","FY2024-25",false
20240820,2024-08-20,20,"Tuesday",3,34,8,"August","Aug-2024",3,"Q3",2024,5,"Q2","FY2024-25",false
20240821,2024-08-21,21,"Wednesday",4,34,8,"August","Aug-2024",3,"Q3",2024,5,"Q2","FY2024-25",false
20240822,2024-08-22,22,"Thursday",5,34,8,"August","Aug-2024",3,"Q3",2024,5,"Q2","FY2024-25",false
20240823,2024-08-23,23,"Friday",6,34,8,"August","Aug-2024",3,"Q3",2024,5,"Q2","FY2024-25",false
20240824,2024-08-24,24,"Saturday",7,34,8,"August","Aug-2024",3,"Q3",2024,5,"Q2","FY2024-25",true
20240825,2024-08-25,25,"Sunday",1,34,8,"August","Aug-2024",3,"Q3",2024,5,"Q2","FY2024-25",true
20240826,2024-08-26,26,"Monday",2,35,8,"August","Aug-2024",3,"Q3",2024,5,"Q2","FY2024-25",false
20240827,2024-08-27,27,"Tuesday",3,35,8,"August","Aug-2024",3,"Q3",2024,5,"Q2","FY2024-25",false
20240828,2024-08-28,28,"Wednesday",4,35,8,"August","Aug-2024",3,"Q3",2024,5,"Q2","FY2024-25",false
20240829,2024-08-29,29,"Thursday",5,35,8,"August","Aug-2024",3,"Q3",2024,5,"Q2","FY2024-25",false
20240830,2024-08-30,30,"Friday",6,35,8,"August","Aug-2024",3,"Q3",2024,5,"Q2","FY2024-25",false
20240831,2024-08-31,31,"Saturday",7,35,8,"August","Aug-2024",3,"Q3",2024,5,"Q2","FY2024-25",true
20240901,2024-09-01,1,"Sunday",1,35,9,"September","Sep-2024",3,"Q3",2024,6,"Q2","FY2024-25",true
20240902,2024-09-02,2,"Monday",2,36,9,"September","Sep-2024",3,"Q3",2024,6,"Q2","FY2024-25",false
20240903,2024-09-03,3,"Tuesday",3,36,9,"September","Sep-2024",3,"Q3",2024,6,"Q2","FY2024-25",false
20240904,2024-09-04,4,"Wednesday",4,36,9,"September","Sep-2024",3,"Q3",2024,6,"Q2","FY2024-25",false
20240905,2024-09-05,5,"Thursday",5,36,9,"September","Sep-2024",3,"Q3",2024,6,"Q2","FY2024-25",false
20240906,2024-09-06,6,"Friday",6,36,9,"September","Sep-2024",3,"Q3",2024,6,"Q2","FY2024-25",false
20240907,2024-09-07,7,"Saturday",7,36,9,"September","Sep-2024",3,"Q3",2024,6,"Q2","FY2024-25",true
20240908,2024-09-08,8,"Sunday",1,36,9,"September","Sep-2024",3,"Q3",2024,6,"Q2","FY2024-25",true
20240909,2024-09-09,9,"Monday",2,37,9,"September","Sep-2024",3,"Q3",2024,6,"Q2","FY2024-25",false
20240910,2024-09-10,10,"Tuesday",3,37,9,"September","Sep-2024",3,"Q3",2024,6,"Q2","FY2024-25",false
20240911,2024-09-11,11,"Wednesday",4,37,9,"September","Sep-2024",3,"Q3",2024,6,"Q2","FY2024-25",false
20240912,2024-09-12,12,"Thursday",5,37,9,"September","Sep-2024",3,"Q3",2024,6,"Q2","FY2024-25",false
20240913,2024-09-13,13,"Friday",6,37,9,"September","Sep-2024",3,"Q3",2024,6,"Q2","FY2024-25",false
20240914,2024-09-14,14,"Saturday",7,37,9,"September","Sep-2024",3,"Q3",2024,6,"Q2","FY2024-25",true
20240915,2024-09-15,15,"Sunday",1,37,9,"September","Sep-2024",3,"Q3",2024,6,"Q2","FY2024-25",true
20240916,2024-09-16,16,"Monday",2,38,9,"September","Sep-2024",3,"Q3",2024,6,"Q2","FY2024-25",false
20240917,2024-09-17,17,"Tuesday",3,38,9,"September","Sep-2024",3,"Q3",2024,6,"Q2","FY2024-25",false
20240918,2024-09-18,18,"Wednesday",4,38,9,"September","Sep-2024",3,"Q3",2024,6,"Q2","FY2024-25",false
20240919,2024-09-19,19,"Thursday",5,38,9,"September","Sep-2024",3,"Q3",2024,6,"Q2","FY2024-25",false
20240920,2024-09-20,20,"Friday",6,38,9,"September","Sep-2024",3,"Q3",2024,6,"Q2","FY2024-25",false
20240921,2024-09-21,21,"Saturday",7,38,9,"September","Sep-2024",3,"Q3",2024,6,"Q2","FY2024-25",true
20240922,2024-09-22,22,"Sunday",1,38,9,"September","Sep-2024",3,"Q3",2024,6,"Q2","FY2024-25",true
20240923,2024-09-23,23,"Monday",2,39,9,"September","Sep-2024",3,"Q3",2024,6,"Q2","FY2024-25",false
20240924,2024-09-24,24,"Tuesday",3,39,9,"September","Sep-2024",3,"Q3",2024,6,"Q2","FY2024-25",false
20240925,2024-09-25,25,"Wednesday",4,39,9,"September","Sep-2024",3,"Q3",2024,6,"Q2","FY2024-25",false
20240926,2024-09-26,26,"Thursday",5,39,9,"September","Sep-2024",3,"Q3",2024,6,"Q2","FY2024-25",false
20240927,2024-09-27,27,"Friday",6,39,9,"September","Sep-2024",3,"Q3",2024,6,"Q2","FY2024-25",false
20240928,2024-09-28,28,"Saturday",7,39,9,"September","Sep-2024",3,"Q3",2024,6,"Q2","FY2024-25",true
20240929,2024-09-29,29,"Sunday",1,39,9,"September","Sep-2024",3,"Q3",2024,6,"Q2","FY2024-25",true
20240930,2024-09-30,30,"Monday",2,40,9,"September","Sep-2024",3,"Q3",2024,6,"Q2","FY2024-25",false
20241001,2024-10-01,1,"Tuesday",3,40,10,"October","Oct-2024",4,"Q4",2024,7,"Q3","FY2024-25",false
20241002,2024-10-02,2,"Wednesday",4,40,10,"October","Oct-2024",4,"Q4",2024,7,"Q3","FY2024-25",false
20241003,2024-10-03,3,"Thursday",5,40,10,"October","Oct-2024",4,"Q4",2024,7,"Q3","FY2024-25",false
20241004,2024-10-04,4,"Friday",6,40,10,"October","Oct-2024",4,"Q4",2024,7,"Q3","FY2024-25",false
20241005,2024-10-05,5,"Saturday",7,40,10,"October","Oct-2024",4,"Q4",2024,7,"Q3","FY2024-25",true
20241006,2024-10-06,6,"Sunday",1,40,10,"October","Oct-2024",4,"Q4",2024,7,"Q3","FY2024-25",true
20241007,2024-10-07,7,"Monday",2,41,10,"October","Oct-2024",4,"Q4",2024,7,"Q3","FY2024-25",false
20241008,2024-10-08,8,"Tuesday",3,41,10,"October","Oct-2024",4,"Q4",2024,7,"Q3","FY2024-25",false
20241009,2024-10-09,9,"Wednesday",4,41,10,"October","Oct-2024",4,"Q4",2024,7,"Q3","FY2024-25",false
20241010,2024-10-10,10,"Thursday",5,41,10,"October","Oct-2024",4,"Q4",2024,7,"Q3","FY2024-25",false
20241011,2024-10-11,11,"Friday",6,41,10,"October","Oct-2024",4,"Q4",2024,7,"Q3","FY2024-25",false
20241012,2024-10-12,12,"Saturday",7,41,10,"October","Oct-2024",4,"Q4",2024,7,"Q3","FY2024-25",true
20241013,2024-10-13,13,"Sunday",1,41,10,"October","Oct-2024",4,"Q4",2024,7,"Q3","FY2024-25",true
20241014,2024-10-14,14,"Monday",2,42,10,"October","Oct-2024",4,"Q4",2024,7,"Q3","FY2024-25",false
20241015,2024-10-15,15,"Tuesday",3,42,10,"October","Oct-2024",4,"Q4",2024,7,"Q3","FY2024-25",false
20241016,2024-10-16,16,"Wednesday",4,42,10,"October","Oct-2024",4,"Q4",2024,7,"Q3","FY2024-25",false
20241017,2024-10-17,17,"Thursday",5,42,10,"October","Oct-2024",4,"Q4",2024,7,"Q3","FY2024-25",false
20241018,2024-10-18,18,"Friday",6,42,10,"October","Oct-2024",4,"Q4",2024,7,"Q3","FY2024-25",false
20241019,2024-10-19,19,"Saturday",7,42,10,"October","Oct-2024",4,"Q4",2024,7,"Q3","FY2024-25",true
20241020,2024-10-20,20,"Sunday",1,42,10,"October","Oct-2024",4,"Q4",2024,7,"Q3","FY2024-25",true
20241021,2024-10-21,21,"Monday",2,43,10,"October","Oct-2024",4,"Q4",2024,7,"Q3","FY2024-25",false
20241022,2024-10-22,22,"Tuesday",3,43,10,"October","Oct-2024",4,"Q4",2024,7,"Q3","FY2024-25",false
20241023,2024-10-23,23,"Wednesday",4,43,10,"October","Oct-2024",4,"Q4",2024,7,"Q3","FY2024-25",false
20241024,2024-10-24,24,"Thursday",5,43,10,"October","Oct-2024",4,"Q4",2024,7,"Q3","FY2024-25",false
20241025,2024-10-25,25,"Friday",6,43,10,"October","Oct-2024",4,"Q4",2024,7,"Q3","FY2024-25",false
20241026,2024-10-26,26,"Saturday",7,43,10,"October","Oct-2024",4,"Q4",2024,7,"Q3","FY2024-25",true
20241027,2024-10-27,27,"Sunday",1,43,10,"October","Oct-2024",4,"Q4",2024,7,"Q3","FY2024-25",true
20241028,2024-10-28,28,"Monday",2,44,10,"October","Oct-2024",4,"Q4",2024,7,"Q3","FY2024-25",false
20241029,2024-10-29,29,"Tuesday",3,44,10,"October","Oct-2024",4,"Q4",2024,7,"Q3","FY2024-25",false
20241030,2024-10-30,30,"Wednesday",4,44,10,"October","Oct-2024",4,"Q4",2024,7,"Q3","FY2024-25",false
20241031,2024-10-31,31,"Thursday",5,44,10,"October","Oct-2024",4,"Q4",2024,7,"Q3","FY2024-25",false
20241101,2024-11-01,1,"Friday",6,44,11,"November","Nov-2024",4,"Q4",2024,8,"Q3","FY2024-25",false
20241102,2024-11-02,2,"Saturday",7,44,11,"November","Nov-2024",4,"Q4",2024,8,"Q3","FY2024-25",true
20241103,2024-11-03,3,"Sunday",1,44,11,"November","Nov-2024",4,"Q4",2024,8,"Q3","FY2024-25",true
20241104,2024-11-04,4,"Monday",2,45,11,"November","Nov-2024",4,"Q4",2024,8,"Q3","FY2024-25",false
20241105,2024-11-05,5,"Tuesday",3,45,11,"November","Nov-2024",4,"Q4",2024,8,"Q3","FY2024-25",false
20241106,2024-11-06,6,"Wednesday",4,45,11,"November","Nov-2024",4,"Q4",2024,8,"Q3","FY2024-25",false
20241107,2024-11-07,7,"Thursday",5,45,11,"November","Nov-2024",4,"Q4",2024,8,"Q3","FY2024-25",false
20241108,2024-11-08,8,"Friday",6,45,11,"November","Nov-2024",4,"Q4",2024,8,"Q3","FY2024-25",false
20241109,2024-11-09,9,"Saturday",7,45,11,"November","Nov-2024",4,"Q4",2024,8,"Q3","FY2024-25",true
20241110,2024-11-10,10,"Sunday",1,45,11,"November","Nov-2024",4,"Q4",2024,8,"Q3","FY2024-25",true
20241111,2024-11-11,11,"Monday",2,46,11,"November","Nov-2024",4,"Q4",2024,8,"Q3","FY2024-25",false
20241112,2024-11-12,12,"Tuesday",3,46,11,"November","Nov-2024",4,"Q4",2024,8,"Q3","FY2024-25",false
20241113,2024-11-13,13,"Wednesday",4,46,11,"November","Nov-2024",4,"Q4",2024,8,"Q3","FY2024-25",false
20241114,2024-11-14,14,"Thursday",5,46,11,"November","Nov-2024",4,"Q4",2024,8,"Q3","FY2024-25",false
20241115,2024-11-15,15,"Friday",6,46,11,"November","Nov-2024",4,"Q4",2024,8,"Q3","FY2024-25",false
20241116,2024-11-16,16,"Saturday",7,46,11,"November","Nov-2024",4,"Q4",2024,8,"Q3","FY2024-25",true
20241117,2024-11-17,17,"Sunday",1,46,11,"November","Nov-2024",4,"Q4",2024,8,"Q3","FY2024-25",true
20241118,2024-11-18,18,"Monday",2,47,11,"November","Nov-2024",4,"Q4",2024,8,"Q3","FY2024-25",false
20241119,2024-11-19,19,"Tuesday",3,47,11,"November","Nov-2024",4,"Q4",2024,8,"Q3","FY2024-25",false
20241120,2024-11-20,20,"Wednesday",4,47,11,"November","Nov-2024",4,"Q4",2024,8,"Q3","FY2024-25",false
20241121,2024-11-21,21,"Thursday",5,47,11,"November","Nov-2024",4,"Q4",2024,8,"Q3","FY2024-25",false
20241122,2024-11-22,22,"Friday",6,47,11,"November","Nov-2024",4,"Q4",2024,8,"Q3","FY2024-25",false
20241123,2024-11-23,23,"Saturday",7,47,11,"November","Nov-2024",4,"Q4",2024,8,"Q3","FY2024-25",true
20241124,2024-11-24,24,"Sunday",1,47,11,"November","Nov-2024",4,"Q4",2024,8,"Q3","FY2024-25",true
20241125,2024-11-25,25,"Monday",2,48,11,"November","Nov-2024",4,"Q4",2024,8,"Q3","FY2024-25",false
20241126,2024-11-26,26,"Tuesday",3,48,11,"November","Nov-2024",4,"Q4",2024,8,"Q3","FY2024-25",false
20241127,2024-11-27,27,"Wednesday",4,48,11,"November","Nov-2024",4,"Q4",2024,8,"Q3","FY2024-25",false
20241128,2024-11-28,28,"Thursday",5,48,11,"November","Nov-2024",4,"Q4",2024,8,"Q3","FY2024-25",false
20241129,2024-11-29,29,"Friday",6,48,11,"November","Nov-2024",4,"Q4",2024,8,"Q3","FY2024-25",false
20241130,2024-11-30,30,"Saturday",7,48,11,"November","Nov-2024",4,"Q4",2024,8,"Q3","FY2024-25",true
20241201,2024-12-01,1,"Sunday",1,48,12,"December","Dec-2024",4,"Q4",2024,9,"Q3","FY2024-25",true
20241202,2024-12-02,2,"Monday",2,49,12,"December","Dec-2024",4,"Q4",2024,9,"Q3","FY2024-25",false
20241203,2024-12-03,3,"Tuesday",3,49,12,"December","Dec-2024",4,"Q4",2024,9,"Q3","FY2024-25",false
20241204,2024-12-04,4,"Wednesday",4,49,12,"December","Dec-2024",4,"Q4",2024,9,"Q3","FY2024-25",false
20241205,2024-12-05,5,"Thursday",5,49,12,"December","Dec-2024",4,"Q4",2024,9,"Q3","FY2024-25",false
20241206,2024-12-06,6,"Friday",6,49,12,"December","Dec-2024",4,"Q4",2024,9,"Q3","FY2024-25",false
20241207,2024-12-07,7,"Saturday",7,49,12,"December","Dec-2024",4,"Q4",2024,9,"Q3","FY2024-25",true
20241208,2024-12-08,8,"Sunday",1,49,12,"December","Dec-2024",4,"Q4",2024,9,"Q3","FY2024-25",true
20241209,2024-12-09,9,"Monday",2,50,12,"December","Dec-2024",4,"Q4",2024,9,"Q3","FY2024-25",false
20241210,2024-12-10,10,"Tuesday",3,50,12,"December","Dec-2024",4,"Q4",2024,9,"Q3","FY2024-25",false
20241211,2024-12-11,11,"Wednesday",4,50,12,"December","Dec-2024",4,"Q4",2024,9,"Q3","FY2024-25",false
20241212,2024-12-12,12,"Thursday",5,50,12,"December","Dec-2024",4,"Q4",2024,9,"Q3","FY2024-25",false
20241213,2024-12-13,13,"Friday",6,50,12,"December","Dec-2024",4,"Q4",2024,9,"Q3","FY2024-25",false
20241214,2024-12-14,14,"Saturday",7,50,12,"December","Dec-2024",4,"Q4",2024,9,"Q3","FY2024-25",true
20241215,2024-12-15,15,"Sunday",1,50,12,"December","Dec-2024",4,"Q4",2024,9,"Q3","FY2024-25",true
20241216,2024-12-16,16,"Monday",2,51,12,"December","Dec-2024",4,"Q4",2024,9,"Q3","FY2024-25",false
20241217,2024-12-17,17,"Tuesday",3,51,12,"December","Dec-2024",4,"Q4",2024,9,"Q3","FY2024-25",false
20241218,2024-12-18,18,"Wednesday",4,51,12,"December","Dec-2024",4,"Q4",2024,9,"Q3","FY2024-25",false
20241219,2024-12-19,19,"Thursday",5,51,12,"December","Dec-2024",4,"Q4",2024,9,"Q3","FY2024-25",false
20241220,2024-12-20,20,"Friday",6,51,12,"December","Dec-2024",4,"Q4",2024,9,"Q3","FY2024-25",false
20241221,2024-12-21,21,"Saturday",7,51,12,"December","Dec-2024",4,"Q4",2024,9,"Q3","FY2024-25",true
20241222,2024-12-22,22,"Sunday",1,51,12,"December","Dec-2024",4,"Q4",2024,9,"Q3","FY2024-25",true
20241223,2024-12-23,23,"Monday",2,52,12,"December","Dec-2024",4,"Q4",2024,9,"Q3","FY2024-25",false
20241224,2024-12-24,24,"Tuesday",3,52,12,"December","Dec-2024",4,"Q4",2024,9,"Q3","FY2024-25",false
20241225,2024-12-25,25,"Wednesday",4,52,12,"December","Dec-2024",4,"Q4",2024,9,"Q3","FY2024-25",false
20241226,2024-12-26,26,"Thursday",5,52,12,"December","Dec-2024",4,"Q4",2024,9,"Q3","FY2024-25",false
20241227,2024-12-27,27,"Friday",6,52,12,"December","Dec-2024",4,"Q4",2024,9,"Q3","FY2024-25",false
20241228,2024-12-28,28,"Saturday",7,52,12,"December","Dec-2024",4,"Q4",2024,9,"Q3","FY2024-25",true
20241229,2024-12-29,29,"Sunday",1,52,12,"December","Dec-2024",4,"Q4",2024,9,"Q3","FY2024-25",true
20241230,2024-12-30,30,"Monday",2,1,12,"December","Dec-2024",4,"Q4",2024,9,"Q3","FY2024-25",false
20241231,2024-12-31,31,"Tuesday",3,1,12,"December","Dec-2024",4,"Q4",2024,9,"Q3","FY2024-25",false
20250101,2025-01-01,1,"Wednesday",4,1,1,"January","Jan-2025",1,"Q1",2025,10,"Q4","FY2024-25",false
20250102,2025-01-02,2,"Thursday",5,1,1,"January","Jan-2025",1,"Q1",2025,10,"Q4","FY2024-25",false
20250103,2025-01-03,3,"Friday",6,1,1,"January","Jan-2025",1,"Q1",2025,10,"Q4","FY2024-25",false
20250104,2025-01-04,4,"Saturday",7,1,1,"January","Jan-2025",1,"Q1",2025,10,"Q4","FY2024-25",true
20250105,2025-01-05,5,"Sunday",1,1,1,"January","Jan-2025",1,"Q1",2025,10,"Q4","FY2024-25",true
20250106,2025-01-06,6,"Monday",2,2,1,"January","Jan-2025",1,"Q1",2025,10,"Q4","FY2024-25",false
20250107,2025-01-07,7,"Tuesday",3,2,1,"January","Jan-2025",1,"Q1",2025,10,"Q4","FY2024-25",false
20250108,2025-01-08,8,"Wednesday",4,2,1,"January","Jan-2025",1,"Q1",2025,10,"Q4","FY2024-25",false
20250109,2025-01-09,9,"Thursday",5,2,1,"January","Jan-2025",1,"Q1",2025,10,"Q4","FY2024-25",false
20250110,2025-01-10,10,"Friday",6,2,1,"January","Jan-2025",1,"Q1",2025,10,"Q4","FY2024-25",false
20250111,2025-01-11,11,"Saturday",7,2,1,"January","Jan-2025",1,"Q1",2025,10,"Q4","FY2024-25",true
20250112,2025-01-12,12,"Sunday",1,2,1,"January","Jan-2025",1,"Q1",2025,10,"Q4","FY2024-25",true
20250113,2025-01-13,13,"Monday",2,3,1,"January","Jan-2025",1,"Q1",2025,10,"Q4","FY2024-25",false
20250114,2025-01-14,14,"Tuesday",3,3,1,"January","Jan-2025",1,"Q1",2025,10,"Q4","FY2024-25",false
20250115,2025-01-15,15,"Wednesday",4,3,1,"January","Jan-2025",1,"Q1",2025,10,"Q4","FY2024-25",false
20250116,2025-01-16,16,"Thursday",5,3,1,"January","Jan-2025",1,"Q1",2025,10,"Q4","FY2024-25",false
20250117,2025-01-17,17,"Friday",6,3,1,"January","Jan-2025",1,"Q1",2025,10,"Q4","FY2024-25",false
20250118,2025-01-18,18,"Saturday",7,3,1,"January","Jan-2025",1,"Q1",2025,10,"Q4","FY2024-25",true
20250119,2025-01-19,19,"Sunday",1,3,1,"January","Jan-2025",1,"Q1",2025,10,"Q4","FY2024-25",true
20250120,2025-01-20,20,"Monday",2,4,1,"January","Jan-2025",1,"Q1",2025,10,"Q4","FY2024-25",false
20250121,2025-01-21,21,"Tuesday",3,4,1,"January","Jan-2025",1,"Q1",2025,10,"Q4","FY2024-25",false
20250122,2025-01-22,22,"Wednesday",4,4,1,"January","Jan-2025",1,"Q1",2025,10,"Q4","FY2024-25",false
20250123,2025-01-23,23,"Thursday",5,4,1,"January","Jan-2025",1,"Q1",2025,10,"Q4","FY2024-25",false
20250124,2025-01-24,24,"Friday",6,4,1,"January","Jan-2025",1,"Q1",2025,10,"Q4","FY2024-25",false
20250125,2025-01-25,25,"Saturday",7,4,1,"January","Jan-2025",1,"Q1",2025,10,"Q4","FY2024-25",true
20250126,2025-01-26,26,"Sunday",1,4,1,"January","Jan-2025",1,"Q1",2025,10,"Q4","FY2024-25",true
20250127,2025-01-27,27,"Monday",2,5,1,"January","Jan-2025",1,"Q1",2025,10,"Q4","FY2024-25",false
20250128,2025-01-28,28,"Tuesday",3,5,1,"January","Jan-2025",1,"Q1",2025,10,"Q4","FY2024-25",false
20250129,2025-01-29,29,"Wednesday",4,5,1,"January","Jan-2025",1,"Q1",2025,10,"Q4","FY2024-25",false
20250130,2025-01-30,30,"Thursday",5,5,1,"January","Jan-2025",1,"Q1",2025,10,"Q4","FY2024-25",false
20250131,2025-01-31,31,"Friday",6,5,1,"January","Jan-2025",1,"Q1",2025,10,"Q4","FY2024-25",false
20250201,2025-02-01,1,"Saturday",7,5,2,"February","Feb-2025",1,"Q1",2025,11,"Q4","FY2024-25",true
20250202,2025-02-02,2,"Sunday",1,5,2,"February","Feb-2025",1,"Q1",2025,11,"Q4","FY2024-25",true
20250203,2025-02-03,3,"Monday",2,6,2,"February","Feb-2025",1,"Q1",2025,11,"Q4","FY2024-25",false
20250204,2025-02-04,4,"Tuesday",3,6,2,"February","Feb-2025",1,"Q1",2025,11,"Q4","FY2024-25",false
20250205,2025-02-05,5,"Wednesday",4,6,2,"February","Feb-2025",1,"Q1",2025,11,"Q4","FY2024-25",false
20250206,2025-02-06,6,"Thursday",5,6,2,"February","Feb-2025",1,"Q1",2025,11,"Q4","FY2024-25",false
20250207,2025-02-07,7,"Friday",6,6,2,"February","Feb-2025",1,"Q1",2025,11,"Q4","FY2024-25",false
20250208,2025-02-08,8,"Saturday",7,6,2,"February","Feb-2025",1,"Q1",2025,11,"Q4","FY2024-25",true
20250209,2025-02-09,9,"Sunday",1,6,2,"February","Feb-2025",1,"Q1",2025,11,"Q4","FY2024-25",true
20250210,2025-02-10,10,"Monday",2,7,2,"February","Feb-2025",1,"Q1",2025,11,"Q4","FY2024-25",false
20250211,2025-02-11,11,"Tuesday",3,7,2,"February","Feb-2025",1,"Q1",2025,11,"Q4","FY2024-25",false
20250212,2025-02-12,12,"Wednesday",4,7,2,"February","Feb-2025",1,"Q1",2025,11,"Q4","FY2024-25",false
20250213,2025-02-13,13,"Thursday",5,7,2,"February","Feb-2025",1,"Q1",2025,11,"Q4","FY2024-25",false
20250214,2025-02-14,14,"Friday",6,7,2,"February","Feb-2025",1,"Q1",2025,11,"Q4","FY2024-25",false
20250215,2025-02-15,15,"Saturday",7,7,2,"February","Feb-2025",1,"Q1",2025,11,"Q4","FY2024-25",true
20250216,2025-02-16,16,"Sunday",1,7,2,"February","Feb-2025",1,"Q1",2025,11,"Q4","FY2024-25",true
20250217,2025-02-17,17,"Monday",2,8,2,"February","Feb-2025",1,"Q1",2025,11,"Q4","FY2024-25",false
20250218,2025-02-18,18,"Tuesday",3,8,2,"February","Feb-2025",1,"Q1",2025,11,"Q4","FY2024-25",false
20250219,2025-02-19,19,"Wednesday",4,8,2,"February","Feb-2025",1,"Q1",2025,11,"Q4","FY2024-25",false
20250220,2025-02-20,20,"Thursday",5,8,2,"February","Feb-2025",1,"Q1",2025,11,"Q4","FY2024-25",false
20250221,2025-02-21,21,"Friday",6,8,2,"February","Feb-2025",1,"Q1",2025,11,"Q4","FY2024-25",false
20250222,2025-02-22,22,"Saturday",7,8,2,"February","Feb-2025",1,"Q1",2025,11,"Q4","FY2024-25",true
20250223,2025-02-23,23,"Sunday",1,8,2,"February","Feb-2025",1,"Q1",2025,11,"Q4","FY2024-25",true
20250224,2025-02-24,24,"Monday",2,9,2,"February","Feb-2025",1,"Q1",2025,11,"Q4","FY2024-25",false
20250225,2025-02-25,25,"Tuesday",3,9,2,"February","Feb-2025",1,"Q1",2025,11,"Q4","FY2024-25",false
20250226,2025-02-26,26,"Wednesday",4,9,2,"February","Feb-2025",1,"Q1",2025,11,"Q4","FY2024-25",false
20250227,2025-02-27,27,"Thursday",5,9,2,"February","Feb-2025",1,"Q1",2025,11,"Q4","FY2024-25",false
20250228,2025-02-28,28,"Friday",6,9,2,"February","Feb-2025",1,"Q1",2025,11,"Q4","FY2024-25",false
20250301,2025-03-01,1,"Saturday",7,9,3,"March","Mar-2025",1,"Q1",2025,12,"Q4","FY2024-25",true
20250302,2025-03-02,2,"Sunday",1,9,3,"March","Mar-2025",1,"Q1",2025,12,"Q4","FY2024-25",true
20250303,2025-03-03,3,"Monday",2,10,3,"March","Mar-2025",1,"Q1",2025,12,"Q4","FY2024-25",false
20250304,2025-03-04,4,"Tuesday",3,10,3,"March","Mar-2025",1,"Q1",2025,12,"Q4","FY2024-25",false
20250305,2025-03-05,5,"Wednesday",4,10,3,"March","Mar-2025",1,"Q1",2025,12,"Q4","FY2024-25",false
20250306,2025-03-06,6,"Thursday",5,10,3,"March","Mar-2025",1,"Q1",2025,12,"Q4","FY2024-25",false
20250307,2025-03-07,7,"Friday",6,10,3,"March","Mar-2025",1,"Q1",2025,12,"Q4","FY2024-25",false
20250308,2025-03-08,8,"Saturday",7,10,3,"March","Mar-2025",1,"Q1",2025,12,"Q4","FY2024-25",true
20250309,2025-03-09,9,"Sunday",1,10,3,"March","Mar-2025",1,"Q1",2025,12,"Q4","FY2024-25",true
20250310,2025-03-10,10,"Monday",2,11,3,"March","Mar-2025",1,"Q1",2025,12,"Q4","FY2024-25",false
20250311,2025-03-11,11,"Tuesday",3,11,3,"March","Mar-2025",1,"Q1",2025,12,"Q4","FY2024-25",false
20250312,2025-03-12,12,"Wednesday",4,11,3,"March","Mar-2025",1,"Q1",2025,12,"Q4","FY2024-25",false
20250313,2025-03-13,13,"Thursday",5,11,3,"March","Mar-2025",1,"Q1",2025,12,"Q4","FY2024-25",false
20250314,2025-03-14,14,"Friday",6,11,3,"March","Mar-2025",1,"Q1",2025,12,"Q4","FY2024-25",false
20250315,2025-03-15,15,"Saturday",7,11,3,"March","Mar-2025",1,"Q1",2025,12,"Q4","FY2024-25",true
20250316,2025-03-16,16,"Sunday",1,11,3,"March","Mar-2025",1,"Q1",2025,12,"Q4","FY2024-25",true
20250317,2025-03-17,17,"Monday",2,12,3,"March","Mar-2025",1,"Q1",2025,12,"Q4","FY2024-25",false
20250318,2025-03-18,18,"Tuesday",3,12,3,"March","Mar-2025",1,"Q1",2025,12,"Q4","FY2024-25",false
20250319,2025-03-19,19,"Wednesday",4,12,3,"March","Mar-2025",1,"Q1",2025,12,"Q4","FY2024-25",false
20250320,2025-03-20,20,"Thursday",5,12,3,"March","Mar-2025",1,"Q1",2025,12,"Q4","FY2024-25",false
20250321,2025-03-21,21,"Friday",6,12,3,"March","Mar-2025",1,"Q1",2025,12,"Q4","FY2024-25",false
20250322,2025-03-22,22,"Saturday",7,12,3,"March","Mar-2025",1,"Q1",2025,12,"Q4","FY2024-25",true
20250323,2025-03-23,23,"Sunday",1,12,3,"March","Mar-2025",1,"Q1",2025,12,"Q4","FY2024-25",true
20250324,2025-03-24,24,"Monday",2,13,3,"March","Mar-2025",1,"Q1",2025,12,"Q4","FY2024-25",false
20250325,2025-03-25,25,"Tuesday",3,13,3,"March","Mar-2025",1,"Q1",2025,12,"Q4","FY2024-25",false
20250326,2025-03-26,26,"Wednesday",4,13,3,"March","Mar-2025",1,"Q1",2025,12,"Q4","FY2024-25",false
20250327,2025-03-27,27,"Thursday",5,13,3,"March","Mar-2025",1,"Q1",2025,12,"Q4","FY2024-25",false
20250328,2025-03-28,28,"Friday",6,13,3,"March","Mar-2025",1,"Q1",2025,12,"Q4","FY2024-25",false
20250329,2025-03-29,29,"Saturday",7,13,3,"March","Mar-2025",1,"Q1",2025,12,"Q4","FY2024-25",true
20250330,2025-03-30,30,"Sunday",1,13,3,"March","Mar-2025",1,"Q1",2025,12,"Q4","FY2024-25",true
20250331,2025-03-31,31,"Monday",2,14,3,"March","Mar-2025",1,"Q1",2025,12,"Q4","FY2024-25",false
20250401,2025-04-01,1,"Tuesday",3,14,4,"April","Apr-2025",2,"Q2",2025,1,"Q1","FY2025-26",false
20250402,2025-04-02,2,"Wednesday",4,14,4,"April","Apr-2025",2,"Q2",2025,1,"Q1","FY2025-26",false
20250403,2025-04-03,3,"Thursday",5,14,4,"April","Apr-2025",2,"Q2",2025,1,"Q1","FY2025-26",false
20250404,2025-04-04,4,"Friday",6,14,4,"April","Apr-2025",2,"Q2",2025,1,"Q1","FY2025-26",false
20250405,2025-04-05,5,"Saturday",7,14,4,"April","Apr-2025",2,"Q2",2025,1,"Q1","FY2025-26",true
20250406,2025-04-06,6,"Sunday",1,14,4,"April","Apr-2025",2,"Q2",2025,1,"Q1","FY2025-26",true
20250407,2025-04-07,7,"Monday",2,15,4,"April","Apr-2025",2,"Q2",2025,1,"Q1","FY2025-26",false
20250408,2025-04-08,8,"Tuesday",3,15,4,"April","Apr-2025",2,"Q2",2025,1,"Q1","FY2025-26",false
20250409,2025-04-09,9,"Wednesday",4,15,4,"April","Apr-2025",2,"Q2",2025,1,"Q1","FY2025-26",false
20250410,2025-04-10,10,"Thursday",5,15,4,"April","Apr-2025",2,"Q2",2025,1,"Q1","FY2025-26",false
20250411,2025-04-11,11,"Friday",6,15,4,"April","Apr-2025",2,"Q2",2025,1,"Q1","FY2025-26",false
20250412,2025-04-12,12,"Saturday",7,15,4,"April","Apr-2025",2,"Q2",2025,1,"Q1","FY2025-26",true
20250413,2025-04-13,13,"Sunday",1,15,4,"April","Apr-2025",2,"Q2",2025,1,"Q1","FY2025-26",true
20250414,2025-04-14,14,"Monday",2,16,4,"April","Apr-2025",2,"Q2",2025,1,"Q1","FY2025-26",false
20250415,2025-04-15,15,"Tuesday",3,16,4,"April","Apr-2025",2,"Q2",2025,1,"Q1","FY2025-26",false
20250416,2025-04-16,16,"Wednesday",4,16,4,"April","Apr-2025",2,"Q2",2025,1,"Q1","FY2025-26",false
20250417,2025-04-17,17,"Thursday",5,16,4,"April","Apr-2025",2,"Q2",2025,1,"Q1","FY2025-26",false
20250418,2025-04-18,18,"Friday",6,16,4,"April","Apr-2025",2,"Q2",2025,1,"Q1","FY2025-26",false
20250419,2025-04-19,19,"Saturday",7,16,4,"April","Apr-2025",2,"Q2",2025,1,"Q1","FY2025-26",true
20250420,2025-04-20,20,"Sunday",1,16,4,"April","Apr-2025",2,"Q2",2025,1,"Q1","FY2025-26",true
20250421,2025-04-21,21,"Monday",2,17,4,"April","Apr-2025",2,"Q2",2025,1,"Q1","FY2025-26",false
20250422,2025-04-22,22,"Tuesday",3,17,4,"April","Apr-2025",2,"Q2",2025,1,"Q1","FY2025-26",false
20250423,2025-04-23,23,"Wednesday",4,17,4,"April","Apr-2025",2,"Q2",2025,1,"Q1","FY2025-26",false
20250424,2025-04-24,24,"Thursday",5,17,4,"April","Apr-2025",2,"Q2",2025,1,"Q1","FY2025-26",false
20250425,2025-04-25,25,"Friday",6,17,4,"April","Apr-2025",2,"Q2",2025,1,"Q1","FY2025-26",false
20250426,2025-04-26,26,"Saturday",7,17,4,"April","Apr-2025",2,"Q2",2025,1,"Q1","FY2025-26",true
20250427,2025-04-27,27,"Sunday",1,17,4,"April","Apr-2025",2,"Q2",2025,1,"Q1","FY2025-26",true
20250428,2025-04-28,28,"Monday",2,18,4,"April","Apr-2025",2,"Q2",2025,1,"Q1","FY2025-26",false
20250429,2025-04-29,29,"Tuesday",3,18,4,"April","Apr-2025",2,"Q2",2025,1,"Q1","FY2025-26",false
20250430,2025-04-30,30,"Wednesday",4,18,4,"April","Apr-2025",2,"Q2",2025,1,"Q1","FY2025-26",false
20250501,2025-05-01,1,"Thursday",5,18,5,"May","May-2025",2,"Q2",2025,2,"Q1","FY2025-26",false
20250502,2025-05-02,2,"Friday",6,18,5,"May","May-2025",2,"Q2",2025,2,"Q1","FY2025-26",false
20250503,2025-05-03,3,"Saturday",7,18,5,"May","May-2025",2,"Q2",2025,2,"Q1","FY2025-26",true
20250504,2025-05-04,4,"Sunday",1,18,5,"May","May-2025",2,"Q2",2025,2,"Q1","FY2025-26",true
20250505,2025-05-05,5,"Monday",2,19,5,"May","May-2025",2,"Q2",2025,2,"Q1","FY2025-26",false
20250506,2025-05-06,6,"Tuesday",3,19,5,"May","May-2025",2,"Q2",2025,2,"Q1","FY2025-26",false
20250507,2025-05-07,7,"Wednesday",4,19,5,"May","May-2025",2,"Q2",2025,2,"Q1","FY2025-26",false
20250508,2025-05-08,8,"Thursday",5,19,5,"May","May-2025",2,"Q2",2025,2,"Q1","FY2025-26",false
20250509,2025-05-09,9,"Friday",6,19,5,"May","May-2025",2,"Q2",2025,2,"Q1","FY2025-26",false
20250510,2025-05-10,10,"Saturday",7,19,5,"May","May-2025",2,"Q2",2025,2,"Q1","FY2025-26",true
20250511,2025-05-11,11,"Sunday",1,19,5,"May","May-2025",2,"Q2",2025,2,"Q1","FY2025-26",true
20250512,2025-05-12,12,"Monday",2,20,5,"May","May-2025",2,"Q2",2025,2,"Q1","FY2025-26",false
20250513,2025-05-13,13,"Tuesday",3,20,5,"May","May-2025",2,"Q2",2025,2,"Q1","FY2025-26",false
20250514,2025-05-14,14,"Wednesday",4,20,5,"May","May-2025",2,"Q2",2025,2,"Q1","FY2025-26",false
20250515,2025-05-15,15,"Thursday",5,20,5,"May","May-2025",2,"Q2",2025,2,"Q1","FY2025-26",false
20250516,2025-05-16,16,"Friday",6,20,5,"May","May-2025",2,"Q2",2025,2,"Q1","FY2025-26",false
20250517,2025-05-17,17,"Saturday",7,20,5,"May","May-2025",2,"Q2",2025,2,"Q1","FY2025-26",true
20250518,2025-05-18,18,"Sunday",1,20,5,"May","May-2025",2,"Q2",2025,2,"Q1","FY2025-26",true
20250519,2025-05-19,19,"Monday",2,21,5,"May","May-2025",2,"Q2",2025,2,"Q1","FY2025-26",false
20250520,2025-05-20,20,"Tuesday",3,21,5,"May","May-2025",2,"Q2",2025,2,"Q1","FY2025-26",false
20250521,2025-05-21,21,"Wednesday",4,21,5,"May","May-2025",2,"Q2",2025,2,"Q1","FY2025-26",false
20250522,2025-05-22,22,"Thursday",5,21,5,"May","May-2025",2,"Q2",2025,2,"Q1","FY2025-26",false
20250523,2025-05-23,23,"Friday",6,21,5,"May","May-2025",2,"Q2",2025,2,"Q1","FY2025-26",false
20250524,2025-05-24,24,"Saturday",7,21,5,"May","May-2025",2,"Q2",2025,2,"Q1","FY2025-26",true
20250525,2025-05-25,25,"Sunday",1,21,5,"May","May-2025",2,"Q2",2025,2,"Q1","FY2025-26",true
20250526,2025-05-26,26,"Monday",2,22,5,"May","May-2025",2,"Q2",2025,2,"Q1","FY2025-26",false
20250527,2025-05-27,27,"Tuesday",3,22,5,"May","May-2025",2,"Q2",2025,2,"Q1","FY2025-26",false
20250528,2025-05-28,28,"Wednesday",4,22,5,"May","May-2025",2,"Q2",2025,2,"Q1","FY2025-26",false
20250529,2025-05-29,29,"Thursday",5,22,5,"May","May-2025",2,"Q2",2025,2,"Q1","FY2025-26",false
20250530,2025-05-30,30,"Friday",6,22,5,"May","May-2025",2,"Q2",2025,2,"Q1","FY2025-26",false
20250531,2025-05-31,31,"Saturday",7,22,5,"May","May-2025",2,"Q2",2025,2,"Q1","FY2025-26",true
20250601,2025-06-01,1,"Sunday",1,22,6,"June","Jun-2025",2,"Q2",2025,3,"Q1","FY2025-26",true
20250602,2025-06-02,2,"Monday",2,23,6,"June","Jun-2025",2,"Q2",2025,3,"Q1","FY2025-26",false
20250603,2025-06-03,3,"Tuesday",3,23,6,"June","Jun-2025",2,"Q2",2025,3,"Q1","FY2025-26",false
20250604,2025-06-04,4,"Wednesday",4,23,6,"June","Jun-2025",2,"Q2",2025,3,"Q1","FY2025-26",false
20250605,2025-06-05,5,"Thursday",5,23,6,"June","Jun-2025",2,"Q2",2025,3,"Q1","FY2025-26",false
20250606,2025-06-06,6,"Friday",6,23,6,"June","Jun-2025",2,"Q2",2025,3,"Q1","FY2025-26",false
20250607,2025-06-07,7,"Saturday",7,23,6,"June","Jun-2025",2,"Q2",2025,3,"Q1","FY2025-26",true
20250608,2025-06-08,8,"Sunday",1,23,6,"June","Jun-2025",2,"Q2",2025,3,"Q1","FY2025-26",true
20250609,2025-06-09,9,"Monday",2,24,6,"June","Jun-2025",2,"Q2",2025,3,"Q1","FY2025-26",false
20250610,2025-06-10,10,"Tuesday",3,24,6,"June","Jun-2025",2,"Q2",2025,3,"Q1","FY2025-26",false
20250611,2025-06-11,11,"Wednesday",4,24,6,"June","Jun-2025",2,"Q2",2025,3,"Q1","FY2025-26",false
20250612,2025-06-12,12,"Thursday",5,24,6,"June","Jun-2025",2,"Q2",2025,3,"Q1","FY2025-26",false
20250613,2025-06-13,13,"Friday",6,24,6,"June","Jun-2025",2,"Q2",2025,3,"Q1","FY2025-26",false
20250614,2025-06-14,14,"Saturday",7,24,6,"June","Jun-2025",2,"Q2",2025,3,"Q1","FY2025-26",true
20250615,2025-06-15,15,"Sunday",1,24,6,"June","Jun-2025",2,"Q2",2025,3,"Q1","FY2025-26",true
20250616,2025-06-16,16,"Monday",2,25,6,"June","Jun-2025",2,"Q2",2025,3,"Q1","FY2025-26",false
20250617,2025-06-17,17,"Tuesday",3,25,6,"June","Jun-2025",2,"Q2",2025,3,"Q1","FY2025-26",false
20250618,2025-06-18,18,"Wednesday",4,25,6,"June","Jun-2025",2,"Q2",2025,3,"Q1","FY2025-26",false
20250619,2025-06-19,19,"Thursday",5,25,6,"June","Jun-2025",2,"Q2",2025,3,"Q1","FY2025-26",false
20250620,2025-06-20,20,"Friday",6,25,6,"June","Jun-2025",2,"Q2",2025,3,"Q1","FY2025-26",false
20250621,2025-06-21,21,"Saturday",7,25,6,"June","Jun-2025",2,"Q2",2025,3,"Q1","FY2025-26",true
20250622,2025-06-22,22,"Sunday",1,25,6,"June","Jun-2025",2,"Q2",2025,3,"Q1","FY2025-26",true
20250623,2025-06-23,23,"Monday",2,26,6,"June","Jun-2025",2,"Q2",2025,3,"Q1","FY2025-26",false
20250624,2025-06-24,24,"Tuesday",3,26,6,"June","Jun-2025",2,"Q2",2025,3,"Q1","FY2025-26",false
20250625,2025-06-25,25,"Wednesday",4,26,6,"June","Jun-2025",2,"Q2",2025,3,"Q1","FY2025-26",false
20250626,2025-06-26,26,"Thursday",5,26,6,"June","Jun-2025",2,"Q2",2025,3,"Q1","FY2025-26",false
20250627,2025-06-27,27,"Friday",6,26,6,"June","Jun-2025",2,"Q2",2025,3,"Q1","FY2025-26",false
20250628,2025-06-28,28,"Saturday",7,26,6,"June","Jun-2025",2,"Q2",2025,3,"Q1","FY2025-26",true
20250629,2025-06-29,29,"Sunday",1,26,6,"June","Jun-2025",2,"Q2",2025,3,"Q1","FY2025-26",true
20250630,2025-06-30,30,"Monday",2,27,6,"June","Jun-2025",2,"Q2",2025,3,"Q1","FY2025-26",false
20250701,2025-07-01,1,"Tuesday",3,27,7,"July","Jul-2025",3,"Q3",2025,4,"Q2","FY2025-26",false
20250702,2025-07-02,2,"Wednesday",4,27,7,"July","Jul-2025",3,"Q3",2025,4,"Q2","FY2025-26",false
20250703,2025-07-03,3,"Thursday",5,27,7,"July","Jul-2025",3,"Q3",2025,4,"Q2","FY2025-26",false
20250704,2025-07-04,4,"Friday",6,27,7,"July","Jul-2025",3,"Q3",2025,4,"Q2","FY2025-26",false
20250705,2025-07-05,5,"Saturday",7,27,7,"July","Jul-2025",3,"Q3",2025,4,"Q2","FY2025-26",true
20250706,2025-07-06,6,"Sunday",1,27,7,"July","Jul-2025",3,"Q3",2025,4,"Q2","FY2025-26",true
20250707,2025-07-07,7,"Monday",2,28,7,"July","Jul-2025",3,"Q3",2025,4,"Q2","FY2025-26",false
20250708,2025-07-08,8,"Tuesday",3,28,7,"July","Jul-2025",3,"Q3",2025,4,"Q2","FY2025-26",false
20250709,2025-07-09,9,"Wednesday",4,28,7,"July","Jul-2025",3,"Q3",2025,4,"Q2","FY2025-26",false
20250710,2025-07-10,10,"Thursday",5,28,7,"July","Jul-2025",3,"Q3",2025,4,"Q2","FY2025-26",false
20250711,2025-07-11,11,"Friday",6,28,7,"July","Jul-2025",3,"Q3",2025,4,"Q2","FY2025-26",false
20250712,2025-07-12,12,"Saturday",7,28,7,"July","Jul-2025",3,"Q3",2025,4,"Q2","FY2025-26",true
20250713,2025-07-13,13,"Sunday",1,28,7,"July","Jul-2025",3,"Q3",2025,4,"Q2","FY2025-26",true
20250714,2025-07-14,14,"Monday",2,29,7,"July","Jul-2025",3,"Q3",2025,4,"Q2","FY2025-26",false
20250715,2025-07-15,15,"Tuesday",3,29,7,"July","Jul-2025",3,"Q3",2025,4,"Q2","FY2025-26",false
20250716,2025-07-16,16,"Wednesday",4,29,7,"July","Jul-2025",3,"Q3",2025,4,"Q2","FY2025-26",false
20250717,2025-07-17,17,"Thursday",5,29,7,"July","Jul-2025",3,"Q3",2025,4,"Q2","FY2025-26",false
20250718,2025-07-18,18,"Friday",6,29,7,"July","Jul-2025",3,"Q3",2025,4,"Q2","FY2025-26",false
20250719,2025-07-19,19,"Saturday",7,29,7,"July","Jul-2025",3,"Q3",2025,4,"Q2","FY2025-26",true
20250720,2025-07-20,20,"Sunday",1,29,7,"July","Jul-2025",3,"Q3",2025,4,"Q2","FY2025-26",true
20250721,2025-07-21,21,"Monday",2,30,7,"July","Jul-2025",3,"Q3",2025,4,"Q2","FY2025-26",false
20250722,2025-07-22,22,"Tuesday",3,30,7,"July","Jul-2025",3,"Q3",2025,4,"Q2","FY2025-26",false
20250723,2025-07-23,23,"Wednesday",4,30,7,"July","Jul-2025",3,"Q3",2025,4,"Q2","FY2025-26",false
20250724,2025-07-24,24,"Thursday",5,30,7,"July","Jul-2025",3,"Q3",2025,4,"Q2","FY2025-26",false
20250725,2025-07-25,25,"Friday",6,30,7,"July","Jul-2025",3,"Q3",2025,4,"Q2","FY2025-26",false
20250726,2025-07-26,26,"Saturday",7,30,7,"July","Jul-2025",3,"Q3",2025,4,"Q2","FY2025-26",true
20250727,2025-07-27,27,"Sunday",1,30,7,"July","Jul-2025",3,"Q3",2025,4,"Q2","FY2025-26",true
20250728,2025-07-28,28,"Monday",2,31,7,"July","Jul-2025",3,"Q3",2025,4,"Q2","FY2025-26",false
20250729,2025-07-29,29,"Tuesday",3,31,7,"July","Jul-2025",3,"Q3",2025,4,"Q2","FY2025-26",false
20250730,2025-07-30,30,"Wednesday",4,31,7,"July","Jul-2025",3,"Q3",2025,4,"Q2","FY2025-26",false
20250731,2025-07-31,31,"Thursday",5,31,7,"July","Jul-2025",3,"Q3",2025,4,"Q2","FY2025-26",false
20250801,2025-08-01,1,"Friday",6,31,8,"August","Aug-2025",3,"Q3",2025,5,"Q2","FY2025-26",false
20250802,2025-08-02,2,"Saturday",7,31,8,"August","Aug-2025",3,"Q3",2025,5,"Q2","FY2025-26",true
20250803,2025-08-03,3,"Sunday",1,31,8,"August","Aug-2025",3,"Q3",2025,5,"Q2","FY2025-26",true
20250804,2025-08-04,4,"Monday",2,32,8,"August","Aug-2025",3,"Q3",2025,5,"Q2","FY2025-26",false
20250805,2025-08-05,5,"Tuesday",3,32,8,"August","Aug-2025",3,"Q3",2025,5,"Q2","FY2025-26",false
20250806,2025-08-06,6,"Wednesday",4,32,8,"August","Aug-2025",3,"Q3",2025,5,"Q2","FY2025-26",false
20250807,2025-08-07,7,"Thursday",5,32,8,"August","Aug-2025",3,"Q3",2025,5,"Q2","FY2025-26",false
20250808,2025-08-08,8,"Friday",6,32,8,"August","Aug-2025",3,"Q3",2025,5,"Q2","FY2025-26",false
20250809,2025-08-09,9,"Saturday",7,32,8,"August","Aug-2025",3,"Q3",2025,5,"Q2","FY2025-26",true
20250810,2025-08-10,10,"Sunday",1,32,8,"August","Aug-2025",3,"Q3",2025,5,"Q2","FY2025-26",true
20250811,2025-08-11,11,"Monday",2,33,8,"August","Aug-2025",3,"Q3",2025,5,"Q2","FY2025-26",false
20250812,2025-08-12,12,"Tuesday",3,33,8,"August","Aug-2025",3,"Q3",2025,5,"Q2","FY2025-26",false
20250813,2025-08-13,13,"Wednesday",4,33,8,"August","Aug-2025",3,"Q3",2025,5,"Q2","FY2025-26",false
20250814,2025-08-14,14,"Thursday",5,33,8,"August","Aug-2025",3,"Q3",2025,5,"Q2","FY2025-26",false
20250815,2025-08-15,15,"Friday",6,33,8,"August","Aug-2025",3,"Q3",2025,5,"Q2","FY2025-26",false
20250816,2025-08-16,16,"Saturday",7,33,8,"August","Aug-2025",3,"Q3",2025,5,"Q2","FY2025-26",true
20250817,2025-08-17,17,"Sunday",1,33,8,"August","Aug-2025",3,"Q3",2025,5,"Q2","FY2025-26",true
20250818,2025-08-18,18,"Monday",2,34,8,"August","Aug-2025",3,"Q3",2025,5,"Q2","FY2025-26",false
20250819,2025-08-19,19,"Tuesday",3,34,8,"August","Aug-2025",3,"Q3",2025,5,"Q2","FY2025-26",false
20250820,2025-08-20,20,"Wednesday",4,34,8,"August","Aug-2025",3,"Q3",2025,5,"Q2","FY2025-26",false
20250821,2025-08-21,21,"Thursday",5,34,8,"August","Aug-2025",3,"Q3",2025,5,"Q2","FY2025-26",false
20250822,2025-08-22,22,"Friday",6,34,8,"August","Aug-2025",3,"Q3",2025,5,"Q2","FY2025-26",false
20250823,2025-08-23,23,"Saturday",7,34,8,"August","Aug-2025",3,"Q3",2025,5,"Q2","FY2025-26",true
20250824,2025-08-24,24,"Sunday",1,34,8,"August","Aug-2025",3,"Q3",2025,5,"Q2","FY2025-26",true
20250825,2025-08-25,25,"Monday",2,35,8,"August","Aug-2025",3,"Q3",2025,5,"Q2","FY2025-26",false
20250826,2025-08-26,26,"Tuesday",3,35,8,"August","Aug-2025",3,"Q3",2025,5,"Q2","FY2025-26",false
20250827,2025-08-27,27,"Wednesday",4,35,8,"August","Aug-2025",3,"Q3",2025,5,"Q2","FY2025-26",false
20250828,2025-08-28,28,"Thursday",5,35,8,"August","Aug-2025",3,"Q3",2025,5,"Q2","FY2025-26",false
20250829,2025-08-29,29,"Friday",6,35,8,"August","Aug-2025",3,"Q3",2025,5,"Q2","FY2025-26",false
20250830,2025-08-30,30,"Saturday",7,35,8,"August","Aug-2025",3,"Q3",2025,5,"Q2","FY2025-26",true
20250831,2025-08-31,31,"Sunday",1,35,8,"August","Aug-2025",3,"Q3",2025,5,"Q2","FY2025-26",true
20250901,2025-09-01,1,"Monday",2,36,9,"September","Sep-2025",3,"Q3",2025,6,"Q2","FY2025-26",false
20250902,2025-09-02,2,"Tuesday",3,36,9,"September","Sep-2025",3,"Q3",2025,6,"Q2","FY2025-26",false
20250903,2025-09-03,3,"Wednesday",4,36,9,"September","Sep-2025",3,"Q3",2025,6,"Q2","FY2025-26",false
20250904,2025-09-04,4,"Thursday",5,36,9,"September","Sep-2025",3,"Q3",2025,6,"Q2","FY2025-26",false
20250905,2025-09-05,5,"Friday",6,36,9,"September","Sep-2025",3,"Q3",2025,6,"Q2","FY2025-26",false
20250906,2025-09-06,6,"Saturday",7,36,9,"September","Sep-2025",3,"Q3",2025,6,"Q2","FY2025-26",true
20250907,2025-09-07,7,"Sunday",1,36,9,"September","Sep-2025",3,"Q3",2025,6,"Q2","FY2025-26",true
20250908,2025-09-08,8,"Monday",2,37,9,"September","Sep-2025",3,"Q3",2025,6,"Q2","FY2025-26",false
20250909,2025-09-09,9,"Tuesday",3,37,9,"September","Sep-2025",3,"Q3",2025,6,"Q2","FY2025-26",false
20250910,2025-09-10,10,"Wednesday",4,37,9,"September","Sep-2025",3,"Q3",2025,6,"Q2","FY2025-26",false
20250911,2025-09-11,11,"Thursday",5,37,9,"September","Sep-2025",3,"Q3",2025,6,"Q2","FY2025-26",false
20250912,2025-09-12,12,"Friday",6,37,9,"September","Sep-2025",3,"Q3",2025,6,"Q2","FY2025-26",false
20250913,2025-09-13,13,"Saturday",7,37,9,"September","Sep-2025",3,"Q3",2025,6,"Q2","FY2025-26",true
20250914,2025-09-14,14,"Sunday",1,37,9,"September","Sep-2025",3,"Q3",2025,6,"Q2","FY2025-26",true
20250915,2025-09-15,15,"Monday",2,38,9,"September","Sep-2025",3,"Q3",2025,6,"Q2","FY2025-26",false
20250916,2025-09-16,16,"Tuesday",3,38,9,"September","Sep-2025",3,"Q3",2025,6,"Q2","FY2025-26",false
20250917,2025-09-17,17,"Wednesday",4,38,9,"September","Sep-2025",3,"Q3",2025,6,"Q2","FY2025-26",false
20250918,2025-09-18,18,"Thursday",5,38,9,"September","Sep-2025",3,"Q3",2025,6,"Q2","FY2025-26",false
20250919,2025-09-19,19,"Friday",6,38,9,"September","Sep-2025",3,"Q3",2025,6,"Q2","FY2025-26",false
20250920,2025-09-20,20,"Saturday",7,38,9,"September","Sep-2025",3,"Q3",2025,6,"Q2","FY2025-26",true
20250921,2025-09-21,21,"Sunday",1,38,9,"September","Sep-2025",3,"Q3",2025,6,"Q2","FY2025-26",true
20250922,2025-09-22,22,"Monday",2,39,9,"September","Sep-2025",3,"Q3",2025,6,"Q2","FY2025-26",false
20250923,2025-09-23,23,"Tuesday",3,39,9,"September","Sep-2025",3,"Q3",2025,6,"Q2","FY2025-26",false
20250924,2025-09-24,24,"Wednesday",4,39,9,"September","Sep-2025",3,"Q3",2025,6,"Q2","FY2025-26",false
20250925,2025-09-25,25,"Thursday",5,39,9,"September","Sep-2025",3,"Q3",2025,6,"Q2","FY2025-26",false
20250926,2025-09-26,26,"Friday",6,39,9,"September","Sep-2025",3,"Q3",2025,6,"Q2","FY2025-26",false
20250927,2025-09-27,27,"Saturday",7,39,9,"September","Sep-2025",3,"Q3",2025,6,"Q2","FY2025-26",true
20250928,2025-09-28,28,"Sunday",1,39,9,"September","Sep-2025",3,"Q3",2025,6,"Q2","FY2025-26",true
20250929,2025-09-29,29,"Monday",2,40,9,"September","Sep-2025",3,"Q3",2025,6,"Q2","FY2025-26",false
20250930,2025-09-30,30,"Tuesday",3,40,9,"September","Sep-2025",3,"Q3",2025,6,"Q2","FY2025-26",false
20251001,2025-10-01,1,"Wednesday",4,40,10,"October","Oct-2025",4,"Q4",2025,7,"Q3","FY2025-26",false
20251002,2025-10-02,2,"Thursday",5,40,10,"October","Oct-2025",4,"Q4",2025,7,"Q3","FY2025-26",false
20251003,2025-10-03,3,"Friday",6,40,10,"October","Oct-2025",4,"Q4",2025,7,"Q3","FY2025-26",false
20251004,2025-10-04,4,"Saturday",7,40,10,"October","Oct-2025",4,"Q4",2025,7,"Q3","FY2025-26",true
20251005,2025-10-05,5,"Sunday",1,40,10,"October","Oct-2025",4,"Q4",2025,7,"Q3","FY2025-26",true
20251006,2025-10-06,6,"Monday",2,41,10,"October","Oct-2025",4,"Q4",2025,7,"Q3","FY2025-26",false
20251007,2025-10-07,7,"Tuesday",3,41,10,"October","Oct-2025",4,"Q4",2025,7,"Q3","FY2025-26",false
20251008,2025-10-08,8,"Wednesday",4,41,10,"October","Oct-2025",4,"Q4",2025,7,"Q3","FY2025-26",false
20251009,2025-10-09,9,"Thursday",5,41,10,"October","Oct-2025",4,"Q4",2025,7,"Q3","FY2025-26",false
20251010,2025-10-10,10,"Friday",6,41,10,"October","Oct-2025",4,"Q4",2025,7,"Q3","FY2025-26",false
20251011,2025-10-11,11,"Saturday",7,41,10,"October","Oct-2025",4,"Q4",2025,7,"Q3","FY2025-26",true
20251012,2025-10-12,12,"Sunday",1,41,10,"October","Oct-2025",4,"Q4",2025,7,"Q3","FY2025-26",true
20251013,2025-10-13,13,"Monday",2,42,10,"October","Oct-2025",4,"Q4",2025,7,"Q3","FY2025-26",false
20251014,2025-10-14,14,"Tuesday",3,42,10,"October","Oct-2025",4,"Q4",2025,7,"Q3","FY2025-26",false
20251015,2025-10-15,15,"Wednesday",4,42,10,"October","Oct-2025",4,"Q4",2025,7,"Q3","FY2025-26",false
20251016,2025-10-16,16,"Thursday",5,42,10,"October","Oct-2025",4,"Q4",2025,7,"Q3","FY2025-26",false
20251017,2025-10-17,17,"Friday",6,42,10,"October","Oct-2025",4,"Q4",2025,7,"Q3","FY2025-26",false
20251018,2025-10-18,18,"Saturday",7,42,10,"October","Oct-2025",4,"Q4",2025,7,"Q3","FY2025-26",true
20251019,2025-10-19,19,"Sunday",1,42,10,"October","Oct-2025",4,"Q4",2025,7,"Q3","FY2025-26",true
20251020,2025-10-20,20,"Monday",2,43,10,"October","Oct-2025",4,"Q4",2025,7,"Q3","FY2025-26",false
20251021,2025-10-21,21,"Tuesday",3,43,10,"October","Oct-2025",4,"Q4",2025,7,"Q3","FY2025-26",false
20251022,2025-10-22,22,"Wednesday",4,43,10,"October","Oct-2025",4,"Q4",2025,7,"Q3","FY2025-26",false
20251023,2025-10-23,23,"Thursday",5,43,10,"October","Oct-2025",4,"Q4",2025,7,"Q3","FY2025-26",false
20251024,2025-10-24,24,"Friday",6,43,10,"October","Oct-2025",4,"Q4",2025,7,"Q3","FY2025-26",false
20251025,2025-10-25,25,"Saturday",7,43,10,"October","Oct-2025",4,"Q4",2025,7,"Q3","FY2025-26",true
20251026,2025-10-26,26,"Sunday",1,43,10,"October","Oct-2025",4,"Q4",2025,7,"Q3","FY2025-26",true
20251027,2025-10-27,27,"Monday",2,44,10,"October","Oct-2025",4,"Q4",2025,7,"Q3","FY2025-26",false
20251028,2025-10-28,28,"Tuesday",3,44,10,"October","Oct-2025",4,"Q4",2025,7,"Q3","FY2025-26",false
20251029,2025-10-29,29,"Wednesday",4,44,10,"October","Oct-2025",4,"Q4",2025,7,"Q3","FY2025-26",false
20251030,2025-10-30,30,"Thursday",5,44,10,"October","Oct-2025",4,"Q4",2025,7,"Q3","FY2025-26",false
20251031,2025-10-31,31,"Friday",6,44,10,"October","Oct-2025",4,"Q4",2025,7,"Q3","FY2025-26",false
20251101,2025-11-01,1,"Saturday",7,44,11,"November","Nov-2025",4,"Q4",2025,8,"Q3","FY2025-26",true
20251102,2025-11-02,2,"Sunday",1,44,11,"November","Nov-2025",4,"Q4",2025,8,"Q3","FY2025-26",true
20251103,2025-11-03,3,"Monday",2,45,11,"November","Nov-2025",4,"Q4",2025,8,"Q3","FY2025-26",false
20251104,2025-11-04,4,"Tuesday",3,45,11,"November","Nov-2025",4,"Q4",2025,8,"Q3","FY2025-26",false
20251105,2025-11-05,5,"Wednesday",4,45,11,"November","Nov-2025",4,"Q4",2025,8,"Q3","FY2025-26",false
20251106,2025-11-06,6,"Thursday",5,45,11,"November","Nov-2025",4,"Q4",2025,8,"Q3","FY2025-26",false
20251107,2025-11-07,7,"Friday",6,45,11,"November","Nov-2025",4,"Q4",2025,8,"Q3","FY2025-26",false
20251108,2025-11-08,8,"Saturday",7,45,11,"November","Nov-2025",4,"Q4",2025,8,"Q3","FY2025-26",true
20251109,2025-11-09,9,"Sunday",1,45,11,"November","Nov-2025",4,"Q4",2025,8,"Q3","FY2025-26",true
20251110,2025-11-10,10,"Monday",2,46,11,"November","Nov-2025",4,"Q4",2025,8,"Q3","FY2025-26",false
20251111,2025-11-11,11,"Tuesday",3,46,11,"November","Nov-2025",4,"Q4",2025,8,"Q3","FY2025-26",false
20251112,2025-11-12,12,"Wednesday",4,46,11,"November","Nov-2025",4,"Q4",2025,8,"Q3","FY2025-26",false
20251113,2025-11-13,13,"Thursday",5,46,11,"November","Nov-2025",4,"Q4",2025,8,"Q3","FY2025-26",false
20251114,2025-11-14,14,"Friday",6,46,11,"November","Nov-2025",4,"Q4",2025,8,"Q3","FY2025-26",false
20251115,2025-11-15,15,"Saturday",7,46,11,"November","Nov-2025",4,"Q4",2025,8,"Q3","FY2025-26",true
20251116,2025-11-16,16,"Sunday",1,46,11,"November","Nov-2025",4,"Q4",2025,8,"Q3","FY2025-26",true
20251117,2025-11-17,17,"Monday",2,47,11,"November","Nov-2025",4,"Q4",2025,8,"Q3","FY2025-26",false
20251118,2025-11-18,18,"Tuesday",3,47,11,"November","Nov-2025",4,"Q4",2025,8,"Q3","FY2025-26",false
20251119,2025-11-19,19,"Wednesday",4,47,11,"November","Nov-2025",4,"Q4",2025,8,"Q3","FY2025-26",false
20251120,2025-11-20,20,"Thursday",5,47,11,"November","Nov-2025",4,"Q4",2025,8,"Q3","FY2025-26",false
20251121,2025-11-21,21,"Friday",6,47,11,"November","Nov-2025",4,"Q4",2025,8,"Q3","FY2025-26",false
20251122,2025-11-22,22,"Saturday",7,47,11,"November","Nov-2025",4,"Q4",2025,8,"Q3","FY2025-26",true
20251123,2025-11-23,23,"Sunday",1,47,11,"November","Nov-2025",4,"Q4",2025,8,"Q3","FY2025-26",true
20251124,2025-11-24,24,"Monday",2,48,11,"November","Nov-2025",4,"Q4",2025,8,"Q3","FY2025-26",false
20251125,2025-11-25,25,"Tuesday",3,48,11,"November","Nov-2025",4,"Q4",2025,8,"Q3","FY2025-26",false
20251126,2025-11-26,26,"Wednesday",4,48,11,"November","Nov-2025",4,"Q4",2025,8,"Q3","FY2025-26",false
20251127,2025-11-27,27,"Thursday",5,48,11,"November","Nov-2025",4,"Q4",2025,8,"Q3","FY2025-26",false
20251128,2025-11-28,28,"Friday",6,48,11,"November","Nov-2025",4,"Q4",2025,8,"Q3","FY2025-26",false
20251129,2025-11-29,29,"Saturday",7,48,11,"November","Nov-2025",4,"Q4",2025,8,"Q3","FY2025-26",true
20251130,2025-11-30,30,"Sunday",1,48,11,"November","Nov-2025",4,"Q4",2025,8,"Q3","FY2025-26",true
20251201,2025-12-01,1,"Monday",2,49,12,"December","Dec-2025",4,"Q4",2025,9,"Q3","FY2025-26",false
20251202,2025-12-02,2,"Tuesday",3,49,12,"December","Dec-2025",4,"Q4",2025,9,"Q3","FY2025-26",false
20251203,2025-12-03,3,"Wednesday",4,49,12,"December","Dec-2025",4,"Q4",2025,9,"Q3","FY2025-26",false
20251204,2025-12-04,4,"Thursday",5,49,12,"December","Dec-2025",4,"Q4",2025,9,"Q3","FY2025-26",false
20251205,2025-12-05,5,"Friday",6,49,12,"December","Dec-2025",4,"Q4",2025,9,"Q3","FY2025-26",false
20251206,2025-12-06,6,"Saturday",7,49,12,"December","Dec-2025",4,"Q4",2025,9,"Q3","FY2025-26",true
20251207,2025-12-07,7,"Sunday",1,49,12,"December","Dec-2025",4,"Q4",2025,9,"Q3","FY2025-26",true
20251208,2025-12-08,8,"Monday",2,50,12,"December","Dec-2025",4,"Q4",2025,9,"Q3","FY2025-26",false
20251209,2025-12-09,9,"Tuesday",3,50,12,"December","Dec-2025",4,"Q4",2025,9,"Q3","FY2025-26",false
20251210,2025-12-10,10,"Wednesday",4,50,12,"December","Dec-2025",4,"Q4",2025,9,"Q3","FY2025-26",false
20251211,2025-12-11,11,"Thursday",5,50,12,"December","Dec-2025",4,"Q4",2025,9,"Q3","FY2025-26",false
20251212,2025-12-12,12,"Friday",6,50,12,"December","Dec-2025",4,"Q4",2025,9,"Q3","FY2025-26",false
20251213,2025-12-13,13,"Saturday",7,50,12,"December","Dec-2025",4,"Q4",2025,9,"Q3","FY2025-26",true
20251214,2025-12-14,14,"Sunday",1,50,12,"December","Dec-2025",4,"Q4",2025,9,"Q3","FY2025-26",true
20251215,2025-12-15,15,"Monday",2,51,12,"December","Dec-2025",4,"Q4",2025,9,"Q3","FY2025-26",false
20251216,2025-12-16,16,"Tuesday",3,51,12,"December","Dec-2025",4,"Q4",2025,9,"Q3","FY2025-26",false
20251217,2025-12-17,17,"Wednesday",4,51,12,"December","Dec-2025",4,"Q4",2025,9,"Q3","FY2025-26",false
20251218,2025-12-18,18,"Thursday",5,51,12,"December","Dec-2025",4,"Q4",2025,9,"Q3","FY2025-26",false
20251219,2025-12-19,19,"Friday",6,51,12,"December","Dec-2025",4,"Q4",2025,9,"Q3","FY2025-26",false
20251220,2025-12-20,20,"Saturday",7,51,12,"December","Dec-2025",4,"Q4",2025,9,"Q3","FY2025-26",true
20251221,2025-12-21,21,"Sunday",1,51,12,"December","Dec-2025",4,"Q4",2025,9,"Q3","FY2025-26",true
20251222,2025-12-22,22,"Monday",2,52,12,"December","Dec-2025",4,"Q4",2025,9,"Q3","FY2025-26",false
20251223,2025-12-23,23,"Tuesday",3,52,12,"December","Dec-2025",4,"Q4",2025,9,"Q3","FY2025-26",false
20251224,2025-12-24,24,"Wednesday",4,52,12,"December","Dec-2025",4,"Q4",2025,9,"Q3","FY2025-26",false
20251225,2025-12-25,25,"Thursday",5,52,12,"December","Dec-2025",4,"Q4",2025,9,"Q3","FY2025-26",false
20251226,2025-12-26,26,"Friday",6,52,12,"December","Dec-2025",4,"Q4",2025,9,"Q3","FY2025-26",false
20251227,2025-12-27,27,"Saturday",7,52,12,"December","Dec-2025",4,"Q4",2025,9,"Q3","FY2025-26",true
20251228,2025-12-28,28,"Sunday",1,52,12,"December","Dec-2025",4,"Q4",2025,9,"Q3","FY2025-26",true
20251229,2025-12-29,29,"Monday",2,1,12,"December","Dec-2025",4,"Q4",2025,9,"Q3","FY2025-26",false
20251230,2025-12-30,30,"Tuesday",3,1,12,"December","Dec-2025",4,"Q4",2025,9,"Q3","FY2025-26",false
20251231,2025-12-31,31,"Wednesday",4,1,12,"December","Dec-2025",4,"Q4",2025,9,"Q3","FY2025-26",false
20260101,2026-01-01,1,"Thursday",5,1,1,"January","Jan-2026",1,"Q1",2026,10,"Q4","FY2025-26",false
20260102,2026-01-02,2,"Friday",6,1,1,"January","Jan-2026",1,"Q1",2026,10,"Q4","FY2025-26",false
20260103,2026-01-03,3,"Saturday",7,1,1,"January","Jan-2026",1,"Q1",2026,10,"Q4","FY2025-26",true
20260104,2026-01-04,4,"Sunday",1,1,1,"January","Jan-2026",1,"Q1",2026,10,"Q4","FY2025-26",true
20260105,2026-01-05,5,"Monday",2,2,1,"January","Jan-2026",1,"Q1",2026,10,"Q4","FY2025-26",false
20260106,2026-01-06,6,"Tuesday",3,2,1,"January","Jan-2026",1,"Q1",2026,10,"Q4","FY2025-26",false
20260107,2026-01-07,7,"Wednesday",4,2,1,"January","Jan-2026",1,"Q1",2026,10,"Q4","FY2025-26",false
20260108,2026-01-08,8,"Thursday",5,2,1,"January","Jan-2026",1,"Q1",2026,10,"Q4","FY2025-26",false
20260109,2026-01-09,9,"Friday",6,2,1,"January","Jan-2026",1,"Q1",2026,10,"Q4","FY2025-26",false
20260110,2026-01-10,10,"Saturday",7,2,1,"January","Jan-2026",1,"Q1",2026,10,"Q4","FY2025-26",true
20260111,2026-01-11,11,"Sunday",1,2,1,"January","Jan-2026",1,"Q1",2026,10,"Q4","FY2025-26",true
20260112,2026-01-12,12,"Monday",2,3,1,"January","Jan-2026",1,"Q1",2026,10,"Q4","FY2025-26",false
20260113,2026-01-13,13,"Tuesday",3,3,1,"January","Jan-2026",1,"Q1",2026,10,"Q4","FY2025-26",false
20260114,2026-01-14,14,"Wednesday",4,3,1,"January","Jan-2026",1,"Q1",2026,10,"Q4","FY2025-26",false
20260115,2026-01-15,15,"Thursday",5,3,1,"January","Jan-2026",1,"Q1",2026,10,"Q4","FY2025-26",false
20260116,2026-01-16,16,"Friday",6,3,1,"January","Jan-2026",1,"Q1",2026,10,"Q4","FY2025-26",false
20260117,2026-01-17,17,"Saturday",7,3,1,"January","Jan-2026",1,"Q1",2026,10,"Q4","FY2025-26",true
20260118,2026-01-18,18,"Sunday",1,3,1,"January","Jan-2026",1,"Q1",2026,10,"Q4","FY2025-26",true
20260119,2026-01-19,19,"Monday",2,4,1,"January","Jan-2026",1,"Q1",2026,10,"Q4","FY2025-26",false
20260120,2026-01-20,20,"Tuesday",3,4,1,"January","Jan-2026",1,"Q1",2026,10,"Q4","FY2025-26",false
20260121,2026-01-21,21,"Wednesday",4,4,1,"January","Jan-2026",1,"Q1",2026,10,"Q4","FY2025-26",false
20260122,2026-01-22,22,"Thursday",5,4,1,"January","Jan-2026",1,"Q1",2026,10,"Q4","FY2025-26",false
20260123,2026-01-23,23,"Friday",6,4,1,"January","Jan-2026",1,"Q1",2026,10,"Q4","FY2025-26",false
20260124,2026-01-24,24,"Saturday",7,4,1,"January","Jan-2026",1,"Q1",2026,10,"Q4","FY2025-26",true
20260125,2026-01-25,25,"Sunday",1,4,1,"January","Jan-2026",1,"Q1",2026,10,"Q4","FY2025-26",true
20260126,2026-01-26,26,"Monday",2,5,1,"January","Jan-2026",1,"Q1",2026,10,"Q4","FY2025-26",false
20260127,2026-01-27,27,"Tuesday",3,5,1,"January","Jan-2026",1,"Q1",2026,10,"Q4","FY2025-26",false
20260128,2026-01-28,28,"Wednesday",4,5,1,"January","Jan-2026",1,"Q1",2026,10,"Q4","FY2025-26",false
20260129,2026-01-29,29,"Thursday",5,5,1,"January","Jan-2026",1,"Q1",2026,10,"Q4","FY2025-26",false
20260130,2026-01-30,30,"Friday",6,5,1,"January","Jan-2026",1,"Q1",2026,10,"Q4","FY2025-26",false
20260131,2026-01-31,31,"Saturday",7,5,1,"January","Jan-2026",1,"Q1",2026,10,"Q4","FY2025-26",true
20260201,2026-02-01,1,"Sunday",1,5,2,"February","Feb-2026",1,"Q1",2026,11,"Q4","FY2025-26",true
20260202,2026-02-02,2,"Monday",2,6,2,"February","Feb-2026",1,"Q1",2026,11,"Q4","FY2025-26",false
20260203,2026-02-03,3,"Tuesday",3,6,2,"February","Feb-2026",1,"Q1",2026,11,"Q4","FY2025-26",false
20260204,2026-02-04,4,"Wednesday",4,6,2,"February","Feb-2026",1,"Q1",2026,11,"Q4","FY2025-26",false
20260205,2026-02-05,5,"Thursday",5,6,2,"February","Feb-2026",1,"Q1",2026,11,"Q4","FY2025-26",false
20260206,2026-02-06,6,"Friday",6,6,2,"February","Feb-2026",1,"Q1",2026,11,"Q4","FY2025-26",false
20260207,2026-02-07,7,"Saturday",7,6,2,"February","Feb-2026",1,"Q1",2026,11,"Q4","FY2025-26",true
20260208,2026-02-08,8,"Sunday",1,6,2,"February","Feb-2026",1,"Q1",2026,11,"Q4","FY2025-26",true
20260209,2026-02-09,9,"Monday",2,7,2,"February","Feb-2026",1,"Q1",2026,11,"Q4","FY2025-26",false
20260210,2026-02-10,10,"Tuesday",3,7,2,"February","Feb-2026",1,"Q1",2026,11,"Q4","FY2025-26",false
20260211,2026-02-11,11,"Wednesday",4,7,2,"February","Feb-2026",1,"Q1",2026,11,"Q4","FY2025-26",false
20260212,2026-02-12,12,"Thursday",5,7,2,"February","Feb-2026",1,"Q1",2026,11,"Q4","FY2025-26",false
20260213,2026-02-13,13,"Friday",6,7,2,"February","Feb-2026",1,"Q1",2026,11,"Q4","FY2025-26",false
20260214,2026-02-14,14,"Saturday",7,7,2,"February","Feb-2026",1,"Q1",2026,11,"Q4","FY2025-26",true
20260215,2026-02-15,15,"Sunday",1,7,2,"February","Feb-2026",1,"Q1",2026,11,"Q4","FY2025-26",true
20260216,2026-02-16,16,"Monday",2,8,2,"February","Feb-2026",1,"Q1",2026,11,"Q4","FY2025-26",false
20260217,2026-02-17,17,"Tuesday",3,8,2,"February","Feb-2026",1,"Q1",2026,11,"Q4","FY2025-26",false
20260218,2026-02-18,18,"Wednesday",4,8,2,"February","Feb-2026",1,"Q1",2026,11,"Q4","FY2025-26",false
20260219,2026-02-19,19,"Thursday",5,8,2,"February","Feb-2026",1,"Q1",2026,11,"Q4","FY2025-26",false
20260220,2026-02-20,20,"Friday",6,8,2,"February","Feb-2026",1,"Q1",2026,11,"Q4","FY2025-26",false
20260221,2026-02-21,21,"Saturday",7,8,2,"February","Feb-2026",1,"Q1",2026,11,"Q4","FY2025-26",true
20260222,2026-02-22,22,"Sunday",1,8,2,"February","Feb-2026",1,"Q1",2026,11,"Q4","FY2025-26",true
20260223,2026-02-23,23,"Monday",2,9,2,"February","Feb-2026",1,"Q1",2026,11,"Q4","FY2025-26",false
20260224,2026-02-24,24,"Tuesday",3,9,2,"February","Feb-2026",1,"Q1",2026,11,"Q4","FY2025-26",false
20260225,2026-02-25,25,"Wednesday",4,9,2,"February","Feb-2026",1,"Q1",2026,11,"Q4","FY2025-26",false
20260226,2026-02-26,26,"Thursday",5,9,2,"February","Feb-2026",1,"Q1",2026,11,"Q4","FY2025-26",false
20260227,2026-02-27,27,"Friday",6,9,2,"February","Feb-2026",1,"Q1",2026,11,"Q4","FY2025-26",false
20260228,2026-02-28,28,"Saturday",7,9,2,"February","Feb-2026",1,"Q1",2026,11,"Q4","FY2025-26",true
20260301,2026-03-01,1,"Sunday",1,9,3,"March","Mar-2026",1,"Q1",2026,12,"Q4","FY2025-26",true
20260302,2026-03-02,2,"Monday",2,10,3,"March","Mar-2026",1,"Q1",2026,12,"Q4","FY2025-26",false
20260303,2026-03-03,3,"Tuesday",3,10,3,"March","Mar-2026",1,"Q1",2026,12,"Q4","FY2025-26",false
20260304,2026-03-04,4,"Wednesday",4,10,3,"March","Mar-2026",1,"Q1",2026,12,"Q4","FY2025-26",false
20260305,2026-03-05,5,"Thursday",5,10,3,"March","Mar-2026",1,"Q1",2026,12,"Q4","FY2025-26",false
20260306,2026-03-06,6,"Friday",6,10,3,"March","Mar-2026",1,"Q1",2026,12,"Q4","FY2025-26",false
20260307,2026-03-07,7,"Saturday",7,10,3,"March","Mar-2026",1,"Q1",2026,12,"Q4","FY2025-26",true
20260308,2026-03-08,8,"Sunday",1,10,3,"March","Mar-2026",1,"Q1",2026,12,"Q4","FY2025-26",true
20260309,2026-03-09,9,"Monday",2,11,3,"March","Mar-2026",1,"Q1",2026,12,"Q4","FY2025-26",false
20260310,2026-03-10,10,"Tuesday",3,11,3,"March","Mar-2026",1,"Q1",2026,12,"Q4","FY2025-26",false
20260311,2026-03-11,11,"Wednesday",4,11,3,"March","Mar-2026",1,"Q1",2026,12,"Q4","FY2025-26",false
20260312,2026-03-12,12,"Thursday",5,11,3,"March","Mar-2026",1,"Q1",2026,12,"Q4","FY2025-26",false
20260313,2026-03-13,13,"Friday",6,11,3,"March","Mar-2026",1,"Q1",2026,12,"Q4","FY2025-26",false
20260314,2026-03-14,14,"Saturday",7,11,3,"March","Mar-2026",1,"Q1",2026,12,"Q4","FY2025-26",true
20260315,2026-03-15,15,"Sunday",1,11,3,"March","Mar-2026",1,"Q1",2026,12,"Q4","FY2025-26",true
20260316,2026-03-16,16,"Monday",2,12,3,"March","Mar-2026",1,"Q1",2026,12,"Q4","FY2025-26",false
20260317,2026-03-17,17,"Tuesday",3,12,3,"March","Mar-2026",1,"Q1",2026,12,"Q4","FY2025-26",false
20260318,2026-03-18,18,"Wednesday",4,12,3,"March","Mar-2026",1,"Q1",2026,12,"Q4","FY2025-26",false
20260319,2026-03-19,19,"Thursday",5,12,3,"March","Mar-2026",1,"Q1",2026,12,"Q4","FY2025-26",false
20260320,2026-03-20,20,"Friday",6,12,3,"March","Mar-2026",1,"Q1",2026,12,"Q4","FY2025-26",false
20260321,2026-03-21,21,"Saturday",7,12,3,"March","Mar-2026",1,"Q1",2026,12,"Q4","FY2025-26",true
20260322,2026-03-22,22,"Sunday",1,12,3,"March","Mar-2026",1,"Q1",2026,12,"Q4","FY2025-26",true
20260323,2026-03-23,23,"Monday",2,13,3,"March","Mar-2026",1,"Q1",2026,12,"Q4","FY2025-26",false
20260324,2026-03-24,24,"Tuesday",3,13,3,"March","Mar-2026",1,"Q1",2026,12,"Q4","FY2025-26",false
20260325,2026-03-25,25,"Wednesday",4,13,3,"March","Mar-2026",1,"Q1",2026,12,"Q4","FY2025-26",false
20260326,2026-03-26,26,"Thursday",5,13,3,"March","Mar-2026",1,"Q1",2026,12,"Q4","FY2025-26",false
20260327,2026-03-27,27,"Friday",6,13,3,"March","Mar-2026",1,"Q1",2026,12,"Q4","FY2025-26",false
20260328,2026-03-28,28,"Saturday",7,13,3,"March","Mar-2026",1,"Q1",2026,12,"Q4","FY2025-26",true
20260329,2026-03-29,29,"Sunday",1,13,3,"March","Mar-2026",1,"Q1",2026,12,"Q4","FY2025-26",true
20260330,2026-03-30,30,"Monday",2,14,3,"March","Mar-2026",1,"Q1",2026,12,"Q4","FY2025-26",false
20260331,2026-03-31,31,"Tuesday",3,14,3,"March","Mar-2026",1,"Q1",2026,12,"Q4","FY2025-26",false
20260401,2026-04-01,1,"Wednesday",4,14,4,"April","Apr-2026",2,"Q2",2026,1,"Q1","FY2026-27",false
20260402,2026-04-02,2,"Thursday",5,14,4,"April","Apr-2026",2,"Q2",2026,1,"Q1","FY2026-27",false
20260403,2026-04-03,3,"Friday",6,14,4,"April","Apr-2026",2,"Q2",2026,1,"Q1","FY2026-27",false
20260404,2026-04-04,4,"Saturday",7,14,4,"April","Apr-2026",2,"Q2",2026,1,"Q1","FY2026-27",true
20260405,2026-04-05,5,"Sunday",1,14,4,"April","Apr-2026",2,"Q2",2026,1,"Q1","FY2026-27",true
20260406,2026-04-06,6,"Monday",2,15,4,"April","Apr-2026",2,"Q2",2026,1,"Q1","FY2026-27",false
20260407,2026-04-07,7,"Tuesday",3,15,4,"April","Apr-2026",2,"Q2",2026,1,"Q1","FY2026-27",false
20260408,2026-04-08,8,"Wednesday",4,15,4,"April","Apr-2026",2,"Q2",2026,1,"Q1","FY2026-27",false
20260409,2026-04-09,9,"Thursday",5,15,4,"April","Apr-2026",2,"Q2",2026,1,"Q1","FY2026-27",false
20260410,2026-04-10,10,"Friday",6,15,4,"April","Apr-2026",2,"Q2",2026,1,"Q1","FY2026-27",false
20260411,2026-04-11,11,"Saturday",7,15,4,"April","Apr-2026",2,"Q2",2026,1,"Q1","FY2026-27",true
20260412,2026-04-12,12,"Sunday",1,15,4,"April","Apr-2026",2,"Q2",2026,1,"Q1","FY2026-27",true
20260413,2026-04-13,13,"Monday",2,16,4,"April","Apr-2026",2,"Q2",2026,1,"Q1","FY2026-27",false
20260414,2026-04-14,14,"Tuesday",3,16,4,"April","Apr-2026",2,"Q2",2026,1,"Q1","FY2026-27",false
20260415,2026-04-15,15,"Wednesday",4,16,4,"April","Apr-2026",2,"Q2",2026,1,"Q1","FY2026-27",false
20260416,2026-04-16,16,"Thursday",5,16,4,"April","Apr-2026",2,"Q2",2026,1,"Q1","FY2026-27",false
20260417,2026-04-17,17,"Friday",6,16,4,"April","Apr-2026",2,"Q2",2026,1,"Q1","FY2026-27",false
20260418,2026-04-18,18,"Saturday",7,16,4,"April","Apr-2026",2,"Q2",2026,1,"Q1","FY2026-27",true
20260419,2026-04-19,19,"Sunday",1,16,4,"April","Apr-2026",2,"Q2",2026,1,"Q1","FY2026-27",true
20260420,2026-04-20,20,"Monday",2,17,4,"April","Apr-2026",2,"Q2",2026,1,"Q1","FY2026-27",false
20260421,2026-04-21,21,"Tuesday",3,17,4,"April","Apr-2026",2,"Q2",2026,1,"Q1","FY2026-27",false
20260422,2026-04-22,22,"Wednesday",4,17,4,"April","Apr-2026",2,"Q2",2026,1,"Q1","FY2026-27",false
20260423,2026-04-23,23,"Thursday",5,17,4,"April","Apr-2026",2,"Q2",2026,1,"Q1","FY2026-27",false
20260424,2026-04-24,24,"Friday",6,17,4,"April","Apr-2026",2,"Q2",2026,1,"Q1","FY2026-27",false
20260425,2026-04-25,25,"Saturday",7,17,4,"April","Apr-2026",2,"Q2",2026,1,"Q1","FY2026-27",true
20260426,2026-04-26,26,"Sunday",1,17,4,"April","Apr-2026",2,"Q2",2026,1,"Q1","FY2026-27",true
20260427,2026-04-27,27,"Monday",2,18,4,"April","Apr-2026",2,"Q2",2026,1,"Q1","FY2026-27",false
20260428,2026-04-28,28,"Tuesday",3,18,4,"April","Apr-2026",2,"Q2",2026,1,"Q1","FY2026-27",false
20260429,2026-04-29,29,"Wednesday",4,18,4,"April","Apr-2026",2,"Q2",2026,1,"Q1","FY2026-27",false
20260430,2026-04-30,30,"Thursday",5,18,4,"April","Apr-2026",2,"Q2",2026,1,"Q1","FY2026-27",false
20260501,2026-05-01,1,"Friday",6,18,5,"May","May-2026",2,"Q2",2026,2,"Q1","FY2026-27",false
20260502,2026-05-02,2,"Saturday",7,18,5,"May","May-2026",2,"Q2",2026,2,"Q1","FY2026-27",true
20260503,2026-05-03,3,"Sunday",1,18,5,"May","May-2026",2,"Q2",2026,2,"Q1","FY2026-27",true
20260504,2026-05-04,4,"Monday",2,19,5,"May","May-2026",2,"Q2",2026,2,"Q1","FY2026-27",false
20260505,2026-05-05,5,"Tuesday",3,19,5,"May","May-2026",2,"Q2",2026,2,"Q1","FY2026-27",false
20260506,2026-05-06,6,"Wednesday",4,19,5,"May","May-2026",2,"Q2",2026,2,"Q1","FY2026-27",false
20260507,2026-05-07,7,"Thursday",5,19,5,"May","May-2026",2,"Q2",2026,2,"Q1","FY2026-27",false
20260508,2026-05-08,8,"Friday",6,19,5,"May","May-2026",2,"Q2",2026,2,"Q1","FY2026-27",false
20260509,2026-05-09,9,"Saturday",7,19,5,"May","May-2026",2,"Q2",2026,2,"Q1","FY2026-27",true
20260510,2026-05-10,10,"Sunday",1,19,5,"May","May-2026",2,"Q2",2026,2,"Q1","FY2026-27",true
20260511,2026-05-11,11,"Monday",2,20,5,"May","May-2026",2,"Q2",2026,2,"Q1","FY2026-27",false
20260512,2026-05-12,12,"Tuesday",3,20,5,"May","May-2026",2,"Q2",2026,2,"Q1","FY2026-27",false
20260513,2026-05-13,13,"Wednesday",4,20,5,"May","May-2026",2,"Q2",2026,2,"Q1","FY2026-27",false
20260514,2026-05-14,14,"Thursday",5,20,5,"May","May-2026",2,"Q2",2026,2,"Q1","FY2026-27",false
20260515,2026-05-15,15,"Friday",6,20,5,"May","May-2026",2,"Q2",2026,2,"Q1","FY2026-27",false
20260516,2026-05-16,16,"Saturday",7,20,5,"May","May-2026",2,"Q2",2026,2,"Q1","FY2026-27",true
20260517,2026-05-17,17,"Sunday",1,20,5,"May","May-2026",2,"Q2",2026,2,"Q1","FY2026-27",true
20260518,2026-05-18,18,"Monday",2,21,5,"May","May-2026",2,"Q2",2026,2,"Q1","FY2026-27",false
20260519,2026-05-19,19,"Tuesday",3,21,5,"May","May-2026",2,"Q2",2026,2,"Q1","FY2026-27",false
20260520,2026-05-20,20,"Wednesday",4,21,5,"May","May-2026",2,"Q2",2026,2,"Q1","FY2026-27",false
20260521,2026-05-21,21,"Thursday",5,21,5,"May","May-2026",2,"Q2",2026,2,"Q1","FY2026-27",false
20260522,2026-05-22,22,"Friday",6,21,5,"May","May-2026",2,"Q2",2026,2,"Q1","FY2026-27",false
20260523,2026-05-23,23,"Saturday",7,21,5,"May","May-2026",2,"Q2",2026,2,"Q1","FY2026-27",true
20260524,2026-05-24,24,"Sunday",1,21,5,"May","May-2026",2,"Q2",2026,2,"Q1","FY2026-27",true
20260525,2026-05-25,25,"Monday",2,22,5,"May","May-2026",2,"Q2",2026,2,"Q1","FY2026-27",false
20260526,2026-05-26,26,"Tuesday",3,22,5,"May","May-2026",2,"Q2",2026,2,"Q1","FY2026-27",false
20260527,2026-05-27,27,"Wednesday",4,22,5,"May","May-2026",2,"Q2",2026,2,"Q1","FY2026-27",false
20260528,2026-05-28,28,"Thursday",5,22,5,"May","May-2026",2,"Q2",2026,2,"Q1","FY2026-27",false
20260529,2026-05-29,29,"Friday",6,22,5,"May","May-2026",2,"Q2",2026,2,"Q1","FY2026-27",false
20260530,2026-05-30,30,"Saturday",7,22,5,"May","May-2026",2,"Q2",2026,2,"Q1","FY2026-27",true
20260531,2026-05-31,31,"Sunday",1,22,5,"May","May-2026",2,"Q2",2026,2,"Q1","FY2026-27",true
20260601,2026-06-01,1,"Monday",2,23,6,"June","Jun-2026",2,"Q2",2026,3,"Q1","FY2026-27",false
20260602,2026-06-02,2,"Tuesday",3,23,6,"June","Jun-2026",2,"Q2",2026,3,"Q1","FY2026-27",false
20260603,2026-06-03,3,"Wednesday",4,23,6,"June","Jun-2026",2,"Q2",2026,3,"Q1","FY2026-27",false
20260604,2026-06-04,4,"Thursday",5,23,6,"June","Jun-2026",2,"Q2",2026,3,"Q1","FY2026-27",false
20260605,2026-06-05,5,"Friday",6,23,6,"June","Jun-2026",2,"Q2",2026,3,"Q1","FY2026-27",false
20260606,2026-06-06,6,"Saturday",7,23,6,"June","Jun-2026",2,"Q2",2026,3,"Q1","FY2026-27",true
20260607,2026-06-07,7,"Sunday",1,23,6,"June","Jun-2026",2,"Q2",2026,3,"Q1","FY2026-27",true
20260608,2026-06-08,8,"Monday",2,24,6,"June","Jun-2026",2,"Q2",2026,3,"Q1","FY2026-27",false
20260609,2026-06-09,9,"Tuesday",3,24,6,"June","Jun-2026",2,"Q2",2026,3,"Q1","FY2026-27",false
20260610,2026-06-10,10,"Wednesday",4,24,6,"June","Jun-2026",2,"Q2",2026,3,"Q1","FY2026-27",false
20260611,2026-06-11,11,"Thursday",5,24,6,"June","Jun-2026",2,"Q2",2026,3,"Q1","FY2026-27",false
20260612,2026-06-12,12,"Friday",6,24,6,"June","Jun-2026",2,"Q2",2026,3,"Q1","FY2026-27",false
20260613,2026-06-13,13,"Saturday",7,24,6,"June","Jun-2026",2,"Q2",2026,3,"Q1","FY2026-27",true
20260614,2026-06-14,14,"Sunday",1,24,6,"June","Jun-2026",2,"Q2",2026,3,"Q1","FY2026-27",true
20260615,2026-06-15,15,"Monday",2,25,6,"June","Jun-2026",2,"Q2",2026,3,"Q1","FY2026-27",false
20260616,2026-06-16,16,"Tuesday",3,25,6,"June","Jun-2026",2,"Q2",2026,3,"Q1","FY2026-27",false
20260617,2026-06-17,17,"Wednesday",4,25,6,"June","Jun-2026",2,"Q2",2026,3,"Q1","FY2026-27",false
20260618,2026-06-18,18,"Thursday",5,25,6,"June","Jun-2026",2,"Q2",2026,3,"Q1","FY2026-27",false
20260619,2026-06-19,19,"Friday",6,25,6,"June","Jun-2026",2,"Q2",2026,3,"Q1","FY2026-27",false
20260620,2026-06-20,20,"Saturday",7,25,6,"June","Jun-2026",2,"Q2",2026,3,"Q1","FY2026-27",true
20260621,2026-06-21,21,"Sunday",1,25,6,"June","Jun-2026",2,"Q2",2026,3,"Q1","FY2026-27",true
20260622,2026-06-22,22,"Monday",2,26,6,"June","Jun-2026",2,"Q2",2026,3,"Q1","FY2026-27",false
20260623,2026-06-23,23,"Tuesday",3,26,6,"June","Jun-2026",2,"Q2",2026,3,"Q1","FY2026-27",false
20260624,2026-06-24,24,"Wednesday",4,26,6,"June","Jun-2026",2,"Q2",2026,3,"Q1","FY2026-27",false
20260625,2026-06-25,25,"Thursday",5,26,6,"June","Jun-2026",2,"Q2",2026,3,"Q1","FY2026-27",false
20260626,2026-06-26,26,"Friday",6,26,6,"June","Jun-2026",2,"Q2",2026,3,"Q1","FY2026-27",false
20260627,2026-06-27,27,"Saturday",7,26,6,"June","Jun-2026",2,"Q2",2026,3,"Q1","FY2026-27",true
20260628,2026-06-28,28,"Sunday",1,26,6,"June","Jun-2026",2,"Q2",2026,3,"Q1","FY2026-27",true
20260629,2026-06-29,29,"Monday",2,27,6,"June","Jun-2026",2,"Q2",2026,3,"Q1","FY2026-27",false
20260630,2026-06-30,30,"Tuesday",3,27,6,"June","Jun-2026",2,"Q2",2026,3,"Q1","FY2026-27",false
20260701,2026-07-01,1,"Wednesday",4,27,7,"July","Jul-2026",3,"Q3",2026,4,"Q2","FY2026-27",false
20260702,2026-07-02,2,"Thursday",5,27,7,"July","Jul-2026",3,"Q3",2026,4,"Q2","FY2026-27",false
20260703,2026-07-03,3,"Friday",6,27,7,"July","Jul-2026",3,"Q3",2026,4,"Q2","FY2026-27",false
20260704,2026-07-04,4,"Saturday",7,27,7,"July","Jul-2026",3,"Q3",2026,4,"Q2","FY2026-27",true
20260705,2026-07-05,5,"Sunday",1,27,7,"July","Jul-2026",3,"Q3",2026,4,"Q2","FY2026-27",true
20260706,2026-07-06,6,"Monday",2,28,7,"July","Jul-2026",3,"Q3",2026,4,"Q2","FY2026-27",false
20260707,2026-07-07,7,"Tuesday",3,28,7,"July","Jul-2026",3,"Q3",2026,4,"Q2","FY2026-27",false
20260708,2026-07-08,8,"Wednesday",4,28,7,"July","Jul-2026",3,"Q3",2026,4,"Q2","FY2026-27",false
20260709,2026-07-09,9,"Thursday",5,28,7,"July","Jul-2026",3,"Q3",2026,4,"Q2","FY2026-27",false
20260710,2026-07-10,10,"Friday",6,28,7,"July","Jul-2026",3,"Q3",2026,4,"Q2","FY2026-27",false
20260711,2026-07-11,11,"Saturday",7,28,7,"July","Jul-2026",3,"Q3",2026,4,"Q2","FY2026-27",true
20260712,2026-07-12,12,"Sunday",1,28,7,"July","Jul-2026",3,"Q3",2026,4,"Q2","FY2026-27",true
20260713,2026-07-13,13,"Monday",2,29,7,"July","Jul-2026",3,"Q3",2026,4,"Q2","FY2026-27",false
20260714,2026-07-14,14,"Tuesday",3,29,7,"July","Jul-2026",3,"Q3",2026,4,"Q2","FY2026-27",false
20260715,2026-07-15,15,"Wednesday",4,29,7,"July","Jul-2026",3,"Q3",2026,4,"Q2","FY2026-27",false
20260716,2026-07-16,16,"Thursday",5,29,7,"July","Jul-2026",3,"Q3",2026,4,"Q2","FY2026-27",false
20260717,2026-07-17,17,"Friday",6,29,7,"July","Jul-2026",3,"Q3",2026,4,"Q2","FY2026-27",false
20260718,2026-07-18,18,"Saturday",7,29,7,"July","Jul-2026",3,"Q3",2026,4,"Q2","FY2026-27",true
20260719,2026-07-19,19,"Sunday",1,29,7,"July","Jul-2026",3,"Q3",2026,4,"Q2","FY2026-27",true
20260720,2026-07-20,20,"Monday",2,30,7,"July","Jul-2026",3,"Q3",2026,4,"Q2","FY2026-27",false
20260721,2026-07-21,21,"Tuesday",3,30,7,"July","Jul-2026",3,"Q3",2026,4,"Q2","FY2026-27",false
20260722,2026-07-22,22,"Wednesday",4,30,7,"July","Jul-2026",3,"Q3",2026,4,"Q2","FY2026-27",false
20260723,2026-07-23,23,"Thursday",5,30,7,"July","Jul-2026",3,"Q3",2026,4,"Q2","FY2026-27",false
20260724,2026-07-24,24,"Friday",6,30,7,"July","Jul-2026",3,"Q3",2026,4,"Q2","FY2026-27",false
20260725,2026-07-25,25,"Saturday",7,30,7,"July","Jul-2026",3,"Q3",2026,4,"Q2","FY2026-27",true
20260726,2026-07-26,26,"Sunday",1,30,7,"July","Jul-2026",3,"Q3",2026,4,"Q2","FY2026-27",true
20260727,2026-07-27,27,"Monday",2,31,7,"July","Jul-2026",3,"Q3",2026,4,"Q2","FY2026-27",false
20260728,2026-07-28,28,"Tuesday",3,31,7,"July","Jul-2026",3,"Q3",2026,4,"Q2","FY2026-27",false
20260729,2026-07-29,29,"Wednesday",4,31,7,"July","Jul-2026",3,"Q3",2026,4,"Q2","FY2026-27",false
20260730,2026-07-30,30,"Thursday",5,31,7,"July","Jul-2026",3,"Q3",2026,4,"Q2","FY2026-27",false
20260731,2026-07-31,31,"Friday",6,31,7,"July","Jul-2026",3,"Q3",2026,4,"Q2","FY2026-27",false
20260801,2026-08-01,1,"Saturday",7,31,8,"August","Aug-2026",3,"Q3",2026,5,"Q2","FY2026-27",true
20260802,2026-08-02,2,"Sunday",1,31,8,"August","Aug-2026",3,"Q3",2026,5,"Q2","FY2026-27",true
20260803,2026-08-03,3,"Monday",2,32,8,"August","Aug-2026",3,"Q3",2026,5,"Q2","FY2026-27",false
20260804,2026-08-04,4,"Tuesday",3,32,8,"August","Aug-2026",3,"Q3",2026,5,"Q2","FY2026-27",false
20260805,2026-08-05,5,"Wednesday",4,32,8,"August","Aug-2026",3,"Q3",2026,5,"Q2","FY2026-27",false
20260806,2026-08-06,6,"Thursday",5,32,8,"August","Aug-2026",3,"Q3",2026,5,"Q2","FY2026-27",false
20260807,2026-08-07,7,"Friday",6,32,8,"August","Aug-2026",3,"Q3",2026,5,"Q2","FY2026-27",false
20260808,2026-08-08,8,"Saturday",7,32,8,"August","Aug-2026",3,"Q3",2026,5,"Q2","FY2026-27",true
20260809,2026-08-09,9,"Sunday",1,32,8,"August","Aug-2026",3,"Q3",2026,5,"Q2","FY2026-27",true
20260810,2026-08-10,10,"Monday",2,33,8,"August","Aug-2026",3,"Q3",2026,5,"Q2","FY2026-27",false
20260811,2026-08-11,11,"Tuesday",3,33,8,"August","Aug-2026",3,"Q3",2026,5,"Q2","FY2026-27",false
20260812,2026-08-12,12,"Wednesday",4,33,8,"August","Aug-2026",3,"Q3",2026,5,"Q2","FY2026-27",false
20260813,2026-08-13,13,"Thursday",5,33,8,"August","Aug-2026",3,"Q3",2026,5,"Q2","FY2026-27",false
20260814,2026-08-14,14,"Friday",6,33,8,"August","Aug-2026",3,"Q3",2026,5,"Q2","FY2026-27",false
20260815,2026-08-15,15,"Saturday",7,33,8,"August","Aug-2026",3,"Q3",2026,5,"Q2","FY2026-27",true
20260816,2026-08-16,16,"Sunday",1,33,8,"August","Aug-2026",3,"Q3",2026,5,"Q2","FY2026-27",true
20260817,2026-08-17,17,"Monday",2,34,8,"August","Aug-2026",3,"Q3",2026,5,"Q2","FY2026-27",false
20260818,2026-08-18,18,"Tuesday",3,34,8,"August","Aug-2026",3,"Q3",2026,5,"Q2","FY2026-27",false
20260819,2026-08-19,19,"Wednesday",4,34,8,"August","Aug-2026",3,"Q3",2026,5,"Q2","FY2026-27",false
20260820,2026-08-20,20,"Thursday",5,34,8,"August","Aug-2026",3,"Q3",2026,5,"Q2","FY2026-27",false
20260821,2026-08-21,21,"Friday",6,34,8,"August","Aug-2026",3,"Q3",2026,5,"Q2","FY2026-27",false
20260822,2026-08-22,22,"Saturday",7,34,8,"August","Aug-2026",3,"Q3",2026,5,"Q2","FY2026-27",true
20260823,2026-08-23,23,"Sunday",1,34,8,"August","Aug-2026",3,"Q3",2026,5,"Q2","FY2026-27",true
20260824,2026-08-24,24,"Monday",2,35,8,"August","Aug-2026",3,"Q3",2026,5,"Q2","FY2026-27",false
20260825,2026-08-25,25,"Tuesday",3,35,8,"August","Aug-2026",3,"Q3",2026,5,"Q2","FY2026-27",false
20260826,2026-08-26,26,"Wednesday",4,35,8,"August","Aug-2026",3,"Q3",2026,5,"Q2","FY2026-27",false
20260827,2026-08-27,27,"Thursday",5,35,8,"August","Aug-2026",3,"Q3",2026,5,"Q2","FY2026-27",false
20260828,2026-08-28,28,"Friday",6,35,8,"August","Aug-2026",3,"Q3",2026,5,"Q2","FY2026-27",false
20260829,2026-08-29,29,"Saturday",7,35,8,"August","Aug-2026",3,"Q3",2026,5,"Q2","FY2026-27",true
20260830,2026-08-30,30,"Sunday",1,35,8,"August","Aug-2026",3,"Q3",2026,5,"Q2","FY2026-27",true
20260831,2026-08-31,31,"Monday",2,36,8,"August","Aug-2026",3,"Q3",2026,5,"Q2","FY2026-27",false
20260901,2026-09-01,1,"Tuesday",3,36,9,"September","Sep-2026",3,"Q3",2026,6,"Q2","FY2026-27",false
20260902,2026-09-02,2,"Wednesday",4,36,9,"September","Sep-2026",3,"Q3",2026,6,"Q2","FY2026-27",false
20260903,2026-09-03,3,"Thursday",5,36,9,"September","Sep-2026",3,"Q3",2026,6,"Q2","FY2026-27",false
20260904,2026-09-04,4,"Friday",6,36,9,"September","Sep-2026",3,"Q3",2026,6,"Q2","FY2026-27",false
20260905,2026-09-05,5,"Saturday",7,36,9,"September","Sep-2026",3,"Q3",2026,6,"Q2","FY2026-27",true
20260906,2026-09-06,6,"Sunday",1,36,9,"September","Sep-2026",3,"Q3",2026,6,"Q2","FY2026-27",true
20260907,2026-09-07,7,"Monday",2,37,9,"September","Sep-2026",3,"Q3",2026,6,"Q2","FY2026-27",false
20260908,2026-09-08,8,"Tuesday",3,37,9,"September","Sep-2026",3,"Q3",2026,6,"Q2","FY2026-27",false
20260909,2026-09-09,9,"Wednesday",4,37,9,"September","Sep-2026",3,"Q3",2026,6,"Q2","FY2026-27",false
20260910,2026-09-10,10,"Thursday",5,37,9,"September","Sep-2026",3,"Q3",2026,6,"Q2","FY2026-27",false
20260911,2026-09-11,11,"Friday",6,37,9,"September","Sep-2026",3,"Q3",2026,6,"Q2","FY2026-27",false
20260912,2026-09-12,12,"Saturday",7,37,9,"September","Sep-2026",3,"Q3",2026,6,"Q2","FY2026-27",true
20260913,2026-09-13,13,"Sunday",1,37,9,"September","Sep-2026",3,"Q3",2026,6,"Q2","FY2026-27",true
20260914,2026-09-14,14,"Monday",2,38,9,"September","Sep-2026",3,"Q3",2026,6,"Q2","FY2026-27",false
20260915,2026-09-15,15,"Tuesday",3,38,9,"September","Sep-2026",3,"Q3",2026,6,"Q2","FY2026-27",false
