"site_id","warehouse_key","snapshot_date_key","open_sales_orders","orders_due_7d","backorder_lines","production_plan_qty","production_completed_qty","supplier_late_po_count","quality_hold_qty","sales_order_value_open","inventory_value","inventory_accuracy_pct","production_attainment_pct","scrap_rate_pct","on_time_ship_pct","otif_pct","ar_overdue_amount","snapshot_date","data_refresh_timestamp","load_timestamp"
"S001",1,20260901,2445,945,121,24110,18553,187,1593,59715052.8800,218486381.7100,97.4400,76.9500,4.0900,86.2000,81.3900,25883829.9300,2026-09-01,2026-09-01 18:20:00.000000Z,2026-09-20 09:29:38.978563Z
"S002",3,20260901,2948,365,284,23614,22106,170,2852,135363286.9400,194510040.3500,95.5100,93.6100,2.0900,87.6100,85.3900,25475671.8300,2026-09-01,2026-09-01 18:20:00.000000Z,2026-09-20 09:29:38.978563Z
"S003",5,20260901,3360,560,113,14005,13257,69,3400,129615892.5400,191018261.7900,94.5500,94.6600,4.0600,92.5300,92.4400,3749677.7700,2026-09-01,2026-09-01 18:20:00.000000Z,2026-09-20 09:29:38.978563Z
"S004",7,20260901,963,840,348,18187,15583,30,2238,71566362.1000,200065110.5800,97.9800,85.6800,1.8800,84.4500,83.7200,9493838.5100,2026-09-01,2026-09-01 18:20:00.000000Z,2026-09-20 09:29:38.978563Z
"S005",9,20260901,1406,460,216,30500,22700,132,742,94420435.9600,193724500.3900,96.3600,74.4300,1.9800,78.8500,71.9600,5132684.4000,2026-09-01,2026-09-01 18:20:00.000000Z,2026-09-20 09:29:38.978563Z
"S006",11,20260901,3803,122,210,27116,22230,130,4332,333036797.3900,202575529.0600,94.0000,81.9800,3.6000,84.9300,83.4600,1869525.8200,2026-09-01,2026-09-01 18:20:00.000000Z,2026-09-20 09:29:38.978563Z
"S007",13,20260901,2502,842,195,9079,9126,75,408,281115438.0300,210057602.8200,95.5700,100.5200,3.8600,91.0600,86.4600,25942348.9900,2026-09-01,2026-09-01 18:20:00.000000Z,2026-09-20 09:29:38.978563Z
"S008",15,20260901,4142,905,75,35309,26241,36,473,280466951.0100,213734936.1000,96.0800,74.3200,5.1800,91.4400,90.6500,12878551.7400,2026-09-01,2026-09-01 18:20:00.000000Z,2026-09-20 09:29:38.978563Z
"S001",1,20260902,3983,386,350,30732,28545,63,1789,323427820.9900,193470271.6900,95.9200,92.8800,3.1100,86.9900,84.0000,5954382.3800,2026-09-02,2026-09-02 18:20:00.000000Z,2026-09-20 09:29:38.978563Z
"S002",3,20260902,1442,643,277,35699,33222,77,2003,151209518.2000,199815189.0800,96.5900,93.0600,4.5800,81.6000,79.0700,3382542.3500,2026-09-02,2026-09-02 18:20:00.000000Z,2026-09-20 09:29:38.978563Z
"S003",5,20260902,2843,643,352,15147,14043,29,1282,196307995.3500,188910410.8700,96.1900,92.7100,2.3100,96.7900,91.2200,1683379.0600,2026-09-02,2026-09-02 18:20:00.000000Z,2026-09-20 09:29:38.978563Z
"S004",7,20260902,1053,510,312,31719,32795,153,2121,104817505.8100,212551819.3300,97.6200,103.3900,3.9500,73.2900,68.5500,15027740.6900,2026-09-02,2026-09-02 18:20:00.000000Z,2026-09-20 09:29:38.978563Z
"S005",9,20260902,3406,396,87,8070,7870,56,3798,148638532.9400,179688368.4700,96.6300,97.5200,2.6700,84.0600,80.3600,11652869.4300,2026-09-02,2026-09-02 18:20:00.000000Z,2026-09-20 09:29:38.978563Z
"S006",11,20260902,1060,849,337,21436,21369,72,2760,23906761.8300,186899672.2100,98.1900,99.6900,2.8200,91.5900,89.3400,3720844.9600,2026-09-02,2026-09-02 18:20:00.000000Z,2026-09-20 09:29:38.978563Z
"S007",13,20260902,683,409,251,35413,33084,89,2034,15724448.6700,212647940.0300,98.2700,93.4200,3.3400,87.6900,85.6500,22291891.3300,2026-09-02,2026-09-02 18:20:00.000000Z,2026-09-20 09:29:38.978563Z
"S008",15,20260902,1516,361,47,21372,19469,108,1580,14635852.9800,194195859.5300,95.7000,91.1000,2.7000,83.7100,78.8200,10162649.6500,2026-09-02,2026-09-02 18:20:00.000000Z,2026-09-20 09:29:38.978563Z
"S001",1,20260903,3248,874,234,19837,14475,151,4280,313934405.3000,208476561.1900,94.0400,72.9700,4.6600,79.3500,75.9000,8561399.5000,2026-09-03,2026-09-03 18:20:00.000000Z,2026-09-20 09:29:38.978563Z
"S002",3,20260903,1028,480,356,34597,34651,34,103,64145888.0600,194004062.2500,95.8200,100.1600,2.5800,84.3000,84.2200,14359531.9200,2026-09-03,2026-09-03 18:20:00.000000Z,2026-09-20 09:29:38.978563Z
"S003",5,20260903,3161,510,305,23175,22891,30,2242,376807460.1600,216066515.2100,98.0700,98.7700,4.0000,92.4800,88.4800,14881285.9900,2026-09-03,2026-09-03 18:20:00.000000Z,2026-09-20 09:29:38.978563Z
"S004",7,20260903,3579,134,138,30443,32048,68,1330,104099016.5500,199248929.2400,98.2300,105.2700,3.2400,86.7900,82.7200,12027220.7900,2026-09-03,2026-09-03 18:20:00.000000Z,2026-09-20 09:29:38.978563Z
"S005",9,20260903,3924,902,57,15194,11264,155,4522,35549884.3100,200063648.9300,96.3600,74.1300,3.0000,92.9700,89.0200,22261575.9900,2026-09-03,2026-09-03 18:20:00.000000Z,2026-09-20 09:29:38.978563Z
"S006",11,20260903,2050,367,327,33745,27197,66,3534,161206886.1700,198168136.8200,99.8000,80.6000,1.6000,99.0000,94.0800,15479435.5200,2026-09-03,2026-09-03 18:20:00.000000Z,2026-09-20 09:29:38.978563Z
"S007",13,20260903,3042,283,64,13501,12966,158,560,354636350.5300,192073116.3800,95.6700,96.0400,3.8300,86.1400,85.1800,22130569.4400,2026-09-03,2026-09-03 18:20:00.000000Z,2026-09-20 09:29:38.978563Z
"S008",15,20260903,2128,457,125,31124,25671,69,4815,67359028.6700,212046817.8500,95.5200,82.4800,2.3900,96.1100,94.4700,16324217.1300,2026-09-03,2026-09-03 18:20:00.000000Z,2026-09-20 09:29:38.978563Z
"S001",1,20260904,4059,147,194,33718,33081,179,3157,243076298.2500,200107357.3000,95.2900,98.1100,2.2200,89.1700,84.6400,1124677.0500,2026-09-04,2026-09-04 18:20:00.000000Z,2026-09-20 09:29:38.978563Z
"S002",3,20260904,2212,796,130,30509,25602,143,3692,63374986.2100,201319599.8200,92.6100,83.9200,2.8700,91.5000,86.9200,13015215.8500,2026-09-04,2026-09-04 18:20:00.000000Z,2026-09-20 09:29:38.978563Z
"S003",5,20260904,2299,628,44,10155,9787,61,3589,142754363.3100,216336833.1000,96.6800,96.3800,1.4700,92.7900,86.7100,11477486.8300,2026-09-04,2026-09-04 18:20:00.000000Z,2026-09-20 09:29:38.978563Z
"S004",7,20260904,1283,732,195,27861,27932,147,5172,104685780.6900,218435717.2700,96.6600,100.2500,3.5500,86.2700,85.6200,17449669.2600,2026-09-04,2026-09-04 18:20:00.000000Z,2026-09-20 09:29:38.978563Z
"S005",9,20260904,1787,357,25,10144,10665,78,4343,202994193.8600,209812590.0100,97.6400,105.1400,0.6800,90.6300,89.3200,16051962.1300,2026-09-04,2026-09-04 18:20:00.000000Z,2026-09-20 09:29:38.978563Z
"S006",11,20260904,1821,684,46,7636,6806,184,3613,153515035.8400,200358569.2000,97.4900,89.1300,2.0400,83.7000,79.5100,5781507.8800,2026-09-04,2026-09-04 18:20:00.000000Z,2026-09-20 09:29:38.978563Z
"S007",13,20260904,3300,916,72,9957,9984,35,903,117974698.9100,188686623.4400,95.4200,100.2700,4.2300,81.9700,75.7000,17074803.6700,2026-09-04,2026-09-04 18:20:00.000000Z,2026-09-20 09:29:38.978563Z
"S008",15,20260904,3733,426,184,25990,26028,157,5143,50258959.1600,190884371.2000,95.9300,100.1500,3.8100,93.3400,89.9300,12023012.8200,2026-09-04,2026-09-04 18:20:00.000000Z,2026-09-20 09:29:38.978563Z
"S001",1,20260905,3519,412,239,25785,19231,98,3829,226854706.2200,186552178.5800,93.1600,74.5800,1.5000,94.2800,93.8500,17163341.8800,2026-09-05,2026-09-05 18:20:00.000000Z,2026-09-20 09:29:38.978563Z
"S002",3,20260905,1576,572,222,22426,22565,161,4651,95762194.2900,185824587.0200,96.0200,100.6200,6.5600,91.2000,85.6400,9898779.4800,2026-09-05,2026-09-05 18:20:00.000000Z,2026-09-20 09:29:38.978563Z
"S003",5,20260905,3176,320,253,20898,21941,135,3926,203375017.6600,211526952.1600,97.2900,104.9900,4.1600,90.7000,84.7700,17457947.7000,2026-09-05,2026-09-05 18:20:00.000000Z,2026-09-20 09:29:38.978563Z
"S004",7,20260905,2486,311,230,25569,26192,87,4855,165925367.9700,189899031.5800,91.5200,102.4400,2.4200,96.7100,94.1000,22128680.5100,2026-09-05,2026-09-05 18:20:00.000000Z,2026-09-20 09:29:38.978563Z
"S005",9,20260905,1001,764,161,9160,9555,59,5184,86130347.5600,189394158.1100,99.4200,104.3100,1.9200,90.5000,88.1900,2931707.1900,2026-09-05,2026-09-05 18:20:00.000000Z,2026-09-20 09:29:38.978563Z
"S006",11,20260905,2241,651,199,24442,20304,102,2489,113919987.0600,188133951.3300,96.3500,83.0700,2.9900,91.3700,87.3500,13108169.4200,2026-09-05,2026-09-05 18:20:00.000000Z,2026-09-20 09:29:38.978563Z
"S007",13,20260905,766,356,96,26553,24410,64,1576,31837182.7400,219862500.7500,97.3300,91.9300,4.2900,96.6600,96.6000,13302957.3700,2026-09-05,2026-09-05 18:20:00.000000Z,2026-09-20 09:29:38.978563Z
"S008",15,20260905,2765,800,147,24696,24811,135,341,92131788.6900,214813979.7800,95.7500,100.4700,2.3300,86.1500,81.2200,22807020.3800,2026-09-05,2026-09-05 18:20:00.000000Z,2026-09-20 09:29:38.978563Z
"S001",1,20260906,4060,568,148,12757,12600,132,247,125405355.4000,212173571.1900,95.6200,98.7700,5.5300,93.2900,89.3800,25881186.8500,2026-09-06,2026-09-06 18:20:00.000000Z,2026-09-20 09:29:38.978563Z
"S002",3,20260906,3744,229,184,25368,18350,63,5178,450302474.2600,197880513.6800,96.2400,72.3400,3.7100,80.0600,73.1900,15321189.1200,2026-09-06,2026-09-06 18:20:00.000000Z,2026-09-20 09:29:38.978563Z
"S003",5,20260906,4128,744,232,18553,15078,181,1088,259733864.1700,208511542.7300,94.7000,81.2700,3.3700,82.9800,80.1300,21366182.0600,2026-09-06,2026-09-06 18:20:00.000000Z,2026-09-20 09:29:38.978563Z
"S004",7,20260906,2806,138,310,11648,11502,157,1607,233662199.5800,201251776.5200,96.2800,98.7500,1.5800,87.8200,87.3000,20573116.4100,2026-09-06,2026-09-06 18:20:00.000000Z,2026-09-20 09:29:38.978563Z
"S005",9,20260906,1069,202,191,10772,10378,182,2049,109625405.2600,194577925.6300,94.4300,96.3400,3.0200,81.3400,74.6900,19796786.3400,2026-09-06,2026-09-06 18:20:00.000000Z,2026-09-20 09:29:38.978563Z
"S006",11,20260906,3789,672,28,11669,12261,161,3353,277285151.4000,213012231.5700,93.6000,105.0700,2.5000,90.1700,87.3200,12620388.4400,2026-09-06,2026-09-06 18:20:00.000000Z,2026-09-20 09:29:38.978563Z
"S007",13,20260906,3952,350,233,28517,29251,57,2853,128265843.4300,199630563.4700,94.8800,102.5700,2.5200,89.0000,88.0100,18048450.9500,2026-09-06,2026-09-06 18:20:00.000000Z,2026-09-20 09:29:38.978563Z
"S008",15,20260906,3482,150,194,31612,33003,60,4903,43601768.4100,188116856.2100,97.4600,104.4000,2.5400,90.4600,85.8400,4426539.1300,2026-09-06,2026-09-06 18:20:00.000000Z,2026-09-20 09:29:38.978563Z
"S001",1,20260907,1456,846,93,10387,7993,177,4146,72869781.2900,201762840.1000,96.5300,76.9500,5.3400,78.9200,78.0000,10139528.2200,2026-09-07,2026-09-07 18:20:00.000000Z,2026-09-20 09:29:38.978563Z
"S002",3,20260907,2150,836,41,30421,30455,162,3866,33850701.9500,215099513.2900,96.7300,100.1100,2.3200,89.6600,83.0400,4120221.9300,2026-09-07,2026-09-07 18:20:00.000000Z,2026-09-20 09:29:38.978563Z
"S003",5,20260907,1711,329,40,22792,19030,43,1776,203298955.5900,204009098.5200,96.2900,83.4900,2.2500,88.7300,82.2200,18975948.3000,2026-09-07,2026-09-07 18:20:00.000000Z,2026-09-20 09:29:38.978563Z
"S004",7,20260907,3840,353,111,14119,10910,102,2957,462344932.2200,202263147.3600,95.1400,77.2700,0.6100,85.2000,82.0400,12272825.5300,2026-09-07,2026-09-07 18:20:00.000000Z,2026-09-20 09:29:38.978563Z
"S005",9,20260907,1846,936,189,24363,18424,26,1096,91235148.5400,187018026.5700,94.8500,75.6200,2.5600,85.0600,81.9300,9812628.2300,2026-09-07,2026-09-07 18:20:00.000000Z,2026-09-20 09:29:38.978563Z
"S006",11,20260907,3822,871,272,28480,24230,117,120,289764318.2300,204385575.0400,94.5300,85.0800,2.0900,87.3400,80.5100,18224421.4800,2026-09-07,2026-09-07 18:20:00.000000Z,2026-09-20 09:29:38.978563Z
"S007",13,20260907,889,776,321,16523,12317,104,4944,22268952.9000,208311265.5300,96.7500,74.5400,1.0900,87.4000,86.1900,11124164.4700,2026-09-07,2026-09-07 18:20:00.000000Z,2026-09-20 09:29:38.978563Z
"S008",15,20260907,1674,610,112,19585,20228,67,541,129818326.4900,200684543.0200,94.8600,103.2800,0.4000,97.3200,91.4600,24333030.5300,2026-09-07,2026-09-07 18:20:00.000000Z,2026-09-20 09:29:38.978563Z
"S001",1,20260908,1807,706,153,24999,21556,162,314,167838970.7500,210747424.8200,98.0500,86.2300,3.7600,97.9200,96.8900,1270955.5400,2026-09-08,2026-09-08 18:20:00.000000Z,2026-09-20 09:29:38.978563Z
"S002",3,20260908,1521,540,158,28951,21735,53,925,134548286.5800,210405717.3400,94.6400,75.0800,4.1600,86.3900,81.9600,11394869.1900,2026-09-08,2026-09-08 18:20:00.000000Z,2026-09-20 09:29:38.978563Z
"S003",5,20260908,2778,130,117,26776,26967,35,3311,45463842.5600,209746425.8000,96.8000,100.7100,4.7700,86.3600,80.9200,11597687.2600,2026-09-08,2026-09-08 18:20:00.000000Z,2026-09-20 09:29:38.978563Z
"S004",7,20260908,3428,359,20,32590,27801,26,4087,124330615.3700,218686734.8200,94.6000,85.3100,4.9900,94.4600,88.6900,14987773.2900,2026-09-08,2026-09-08 18:20:00.000000Z,2026-09-20 09:29:38.978563Z
"S005",9,20260908,4002,717,229,34137,31678,144,3543,427987471.1600,180479737.3700,94.8400,92.8000,3.9300,94.8300,89.2200,1050442.5500,2026-09-08,2026-09-08 18:20:00.000000Z,2026-09-20 09:29:38.978563Z
"S006",11,20260908,3332,885,21,7649,7380,159,4694,392914408.9100,211937135.8100,92.4800,96.4800,6.7000,89.8900,82.9700,17678685.5100,2026-09-08,2026-09-08 18:20:00.000000Z,2026-09-20 09:29:38.978563Z
"S007",13,20260908,3205,883,353,22654,22307,181,5121,333485127.6900,201437377.5800,95.7900,98.4700,3.8900,90.9900,87.6400,2864338.1800,2026-09-08,2026-09-08 18:20:00.000000Z,2026-09-20 09:29:38.978563Z
"S008",15,20260908,3440,919,113,32152,27981,148,3154,52744470.0000,211490402.5800,97.8600,87.0300,3.9800,99.0000,95.2200,12648948.0400,2026-09-08,2026-09-08 18:20:00.000000Z,2026-09-20 09:29:38.978563Z
"S001",1,20260909,1904,759,301,32117,25970,136,2424,137324172.5600,205090428.9800,94.2800,80.8600,2.0000,99.0000,94.1800,8656561.2900,2026-09-09,2026-09-09 18:20:00.000000Z,2026-09-20 09:29:38.978563Z
"S002",3,20260909,756,625,268,29115,28480,75,3139,20426513.7500,196964453.2300,96.0400,97.8200,2.5400,91.2600,87.8400,20842282.5000,2026-09-09,2026-09-09 18:20:00.000000Z,2026-09-20 09:29:38.978563Z
"S003",5,20260909,1522,370,271,8412,7159,178,1421,174853626.1600,216188233.0700,98.9700,85.1000,4.0500,98.6400,96.9700,11502581.8500,2026-09-09,2026-09-09 18:20:00.000000Z,2026-09-20 09:29:38.978563Z
"S004",7,20260909,1461,419,138,9772,7846,152,2781,108376152.3400,190007955.6100,96.3400,80.2900,3.9400,94.5200,92.6000,15867552.9500,2026-09-09,2026-09-09 18:20:00.000000Z,2026-09-20 09:29:38.978563Z
"S005",9,20260909,1596,450,261,14549,14227,33,4979,100464430.5900,186766843.9000,96.2000,97.7900,3.8900,86.3700,85.1900,3677733.2900,2026-09-09,2026-09-09 18:20:00.000000Z,2026-09-20 09:29:38.978563Z
"S006",11,20260909,3133,242,24,20450,19857,131,2428,47345901.8100,194094540.8100,95.5400,97.1000,3.8300,90.9900,90.7900,20016169.9400,2026-09-09,2026-09-09 18:20:00.000000Z,2026-09-20 09:29:38.978563Z
"S007",13,20260909,1763,857,357,10566,10131,42,2735,74356905.7200,191781643.5700,94.4000,95.8800,4.0500,88.6700,82.1500,10497836.8100,2026-09-09,2026-09-09 18:20:00.000000Z,2026-09-20 09:29:38.978563Z
"S008",15,20260909,1099,897,129,25323,23559,51,4590,30198096.5600,191280144.4800,95.3400,93.0300,1.4800,89.8400,89.2000,7775178.9700,2026-09-09,2026-09-09 18:20:00.000000Z,2026-09-20 09:29:38.978563Z
"S001",1,20260910,3183,815,285,29919,25157,151,4212,205428700.8800,187636997.4800,93.0400,84.0800,0.8500,83.4700,82.1000,22525735.1800,2026-09-10,2026-09-10 18:20:00.000000Z,2026-09-20 09:29:38.978563Z
"S002",3,20260910,3656,494,57,12594,9783,170,850,83554646.1300,192155853.0000,98.6600,77.6800,0.4000,99.0000,92.3300,3739590.5800,2026-09-10,2026-09-10 18:20:00.000000Z,2026-09-20 09:29:38.978563Z
"S003",5,20260910,3788,715,45,11102,10883,47,3541,44176387.9500,200106157.8600,92.0300,98.0300,4.4700,88.3800,83.7700,14863491.9100,2026-09-10,2026-09-10 18:20:00.000000Z,2026-09-20 09:29:38.978563Z
"S004",7,20260910,4193,216,162,31049,32310,93,2265,404597291.4600,218395292.8100,95.6600,104.0600,3.8300,88.2300,82.9600,20625597.3500,2026-09-10,2026-09-10 18:20:00.000000Z,2026-09-20 09:29:38.978563Z
"S005",9,20260910,3563,772,255,13793,11388,45,4934,68693727.5400,194065940.9000,95.4700,82.5600,3.7500,86.0200,80.8800,3524432.6400,2026-09-10,2026-09-10 18:20:00.000000Z,2026-09-20 09:29:38.978563Z
"S006",11,20260910,3139,701,192,28824,26312,157,1400,205908995.6100,212324768.8500,94.9100,91.2900,4.5300,98.5500,95.4900,19809939.4000,2026-09-10,2026-09-10 18:20:00.000000Z,2026-09-20 09:29:38.978563Z
"S007",13,20260910,3487,254,285,30339,28082,78,653,130649401.4800,202849751.7700,93.5700,92.5600,3.9600,86.5400,82.2800,22451528.9600,2026-09-10,2026-09-10 18:20:00.000000Z,2026-09-20 09:29:38.978563Z
"S008",15,20260910,3373,818,230,32688,26480,17,969,405440567.5000,195283000.9400,94.5600,81.0100,2.6800,95.5600,95.1800,11960021.0100,2026-09-10,2026-09-10 18:20:00.000000Z,2026-09-20 09:29:38.978563Z
"S001",1,20260911,1417,689,349,30246,24372,111,3899,58934310.1800,199766658.6600,96.3500,80.5800,0.4000,85.7200,85.5700,14639639.4800,2026-09-11,2026-09-11 18:20:00.000000Z,2026-09-20 09:29:38.978563Z
"S002",3,20260911,2908,600,349,16534,13731,91,4125,141841144.3500,203725606.1300,98.1800,83.0500,3.7900,86.4200,85.9100,2324579.3400,2026-09-11,2026-09-11 18:20:00.000000Z,2026-09-20 09:29:38.978563Z
"S003",5,20260911,3687,633,198,8347,8157,45,286,425046266.3800,192446868.9400,95.9400,97.7200,2.2400,95.9700,92.9500,20161472.6400,2026-09-11,2026-09-11 18:20:00.000000Z,2026-09-20 09:29:38.978563Z
"S004",7,20260911,1509,458,196,32218,24592,59,3445,186366047.7100,217491002.8200,95.0000,76.3300,2.9600,92.9300,89.2900,5798463.4000,2026-09-11,2026-09-11 18:20:00.000000Z,2026-09-20 09:29:38.978563Z
"S005",9,20260911,1296,120,149,9071,7618,71,3023,79436525.1000,205105238.1200,92.2200,83.9800,4.0100,93.3100,93.3000,7096702.6800,2026-09-11,2026-09-11 18:20:00.000000Z,2026-09-20 09:29:38.978563Z
"S006",11,20260911,3430,326,118,29594,24475,78,570,48266547.9800,209509325.4100,95.4300,82.7000,4.1800,81.8500,76.2900,12281989.0700,2026-09-11,2026-09-11 18:20:00.000000Z,2026-09-20 09:29:38.978563Z
"S007",13,20260911,1514,772,46,24350,20328,58,5177,175758616.7900,192388383.9300,95.7700,83.4800,1.5600,97.8800,92.5600,11374196.7500,2026-09-11,2026-09-11 18:20:00.000000Z,2026-09-20 09:29:38.978563Z
"S008",15,20260911,1709,767,355,11457,8636,105,410,75390752.8700,199496467.7700,95.6900,75.3800,5.0300,95.4700,89.1400,21783846.6600,2026-09-11,2026-09-11 18:20:00.000000Z,2026-09-20 09:29:38.978563Z
"S001",1,20260912,3221,500,258,33045,30113,150,2420,164941434.8900,196820137.3000,95.3500,91.1300,3.3500,91.7100,85.5300,3569025.9600,2026-09-12,2026-09-12 18:20:00.000000Z,2026-09-20 09:29:38.978563Z
"S002",3,20260912,962,735,259,11298,10394,86,3174,117959826.8800,216210913.9500,97.2800,92.0000,5.3200,83.7200,78.4000,15883520.9200,2026-09-12,2026-09-12 18:20:00.000000Z,2026-09-20 09:29:38.978563Z
"S003",5,20260912,1695,554,355,35369,26959,178,4270,104547764.7700,206399133.6700,96.0800,76.2200,3.4200,88.8700,87.6400,17786769.9600,2026-09-12,2026-09-12 18:20:00.000000Z,2026-09-20 09:29:38.978563Z
"S004",7,20260912,1851,636,324,30752,31419,81,971,140015029.6100,189020584.3900,93.5900,102.1700,2.2900,96.0300,93.3800,13800121.3100,2026-09-12,2026-09-12 18:20:00.000000Z,2026-09-20 09:29:38.978563Z
"S005",9,20260912,2048,728,73,16097,13683,105,3665,216654583.7400,202576979.8700,98.0500,85.0000,4.6800,84.1200,79.8100,15061432.0200,2026-09-12,2026-09-12 18:20:00.000000Z,2026-09-20 09:29:38.978563Z
"S006",11,20260912,4107,575,270,7286,7490,85,1811,204759958.2700,204198555.4900,94.7200,102.8000,5.2400,82.3500,82.1100,5140102.3200,2026-09-12,2026-09-12 18:20:00.000000Z,2026-09-20 09:29:38.978563Z
"S007",13,20260912,2839,411,297,7444,7260,147,367,206710915.5500,189975420.0800,95.6000,97.5300,3.3400,99.0000,97.8600,11512529.3300,2026-09-12,2026-09-12 18:20:00.000000Z,2026-09-20 09:29:38.978563Z
"S008",15,20260912,1843,581,217,23589,21096,120,688,120298466.8000,208461911.0000,96.4300,89.4300,2.3600,90.3200,86.3900,9296451.4300,2026-09-12,2026-09-12 18:20:00.000000Z,2026-09-20 09:29:38.978563Z
"S001",1,20260913,785,422,164,16214,12641,114,2997,73363725.3100,216497483.2000,98.5100,77.9600,3.8700,80.9800,74.5400,13183492.2800,2026-09-13,2026-09-13 18:20:00.000000Z,2026-09-20 09:29:38.978563Z
"S002",3,20260913,3168,498,234,30712,32340,112,4994,203128482.2300,186471000.0600,98.5600,105.3000,0.6700,85.4200,81.4900,6333716.9700,2026-09-13,2026-09-13 18:20:00.000000Z,2026-09-20 09:29:38.978563Z
"S003",5,20260913,3392,319,117,22940,17095,169,488,322769062.2300,216104320.9400,98.1200,74.5200,1.7400,88.8900,81.9400,5216039.9300,2026-09-13,2026-09-13 18:20:00.000000Z,2026-09-20 09:29:38.978563Z
"S004",7,20260913,1885,734,360,13023,12149,141,585,56572023.4300,213496834.9100,93.7600,93.2900,1.7100,93.8300,91.8900,21596035.3900,2026-09-13,2026-09-13 18:20:00.000000Z,2026-09-20 09:29:38.978563Z
"S005",9,20260913,3252,841,358,11132,9134,119,4608,229677833.3800,205585401.0800,99.8000,82.0500,4.6900,83.6200,81.5100,14949941.2400,2026-09-13,2026-09-13 18:20:00.000000Z,2026-09-20 09:29:38.978563Z
"S006",11,20260913,4120,353,304,32654,25530,108,3751,84833380.6600,196586983.4400,94.5700,78.1800,0.4000,83.5400,82.7500,15702285.8900,2026-09-13,2026-09-13 18:20:00.000000Z,2026-09-20 09:29:38.978563Z
"S007",13,20260913,2219,433,61,25868,22212,67,3131,227856886.1800,216136297.3600,97.7500,85.8700,4.0500,89.1000,85.8600,18889626.3200,2026-09-13,2026-09-13 18:20:00.000000Z,2026-09-20 09:29:38.978563Z
"S008",15,20260913,2555,905,107,34673,28982,73,2897,108579507.7100,217408727.0600,96.4100,83.5900,2.7700,79.5100,78.5300,3907421.1400,2026-09-13,2026-09-13 18:20:00.000000Z,2026-09-20 09:29:38.978563Z
"S001",1,20260914,4020,398,200,7658,7431,170,793,90263941.7700,206778325.3900,95.2700,97.0400,1.1500,91.4400,90.9100,10652467.1900,2026-09-14,2026-09-14 18:20:00.000000Z,2026-09-20 09:29:38.978563Z
"S002",3,20260914,3005,347,44,13222,13211,188,223,363685535.5900,195764855.8900,97.6200,99.9200,5.5200,94.6900,87.7100,21943004.5900,2026-09-14,2026-09-14 18:20:00.000000Z,2026-09-20 09:29:38.978563Z
"S003",5,20260914,1288,291,100,12425,10468,75,3664,14179728.0200,212437941.4800,96.0500,84.2500,1.8400,97.7800,96.3800,25024878.9900,2026-09-14,2026-09-14 18:20:00.000000Z,2026-09-20 09:29:38.978563Z
"S004",7,20260914,2307,253,90,24968,21589,161,4023,246568897.5600,221192166.8700,97.0700,86.4700,3.8500,83.7700,78.2000,4082035.5900,2026-09-14,2026-09-14 18:20:00.000000Z,2026-09-20 09:29:38.978563Z
"S005",9,20260914,1855,714,104,34579,31163,70,952,69599114.9200,183437950.9200,95.0000,90.1200,5.1800,86.0100,79.3500,23521530.9800,2026-09-14,2026-09-14 18:20:00.000000Z,2026-09-20 09:29:38.978563Z
"S006",11,20260914,891,151,76,30070,22599,119,3156,48457762.9200,191947861.6100,96.7700,75.1500,2.1300,96.3700,95.6500,2633917.5800,2026-09-14,2026-09-14 18:20:00.000000Z,2026-09-20 09:29:38.978563Z
"S007",13,20260914,1364,153,52,20171,16578,142,4098,12449737.3300,196437882.0000,95.5200,82.1900,5.6400,86.2200,85.8900,16859662.9900,2026-09-14,2026-09-14 18:20:00.000000Z,2026-09-20 09:29:38.978563Z
"S008",15,20260914,2972,749,87,17271,13400,38,2074,336458473.4900,189245293.0200,97.9500,77.5900,1.3000,85.2800,82.7000,2265905.1300,2026-09-14,2026-09-14 18:20:00.000000Z,2026-09-20 09:29:38.978563Z
"S001",1,20260915,752,799,298,30546,28285,124,4516,68174525.8200,203360218.2800,98.3100,92.6000,3.8000,93.3000,90.6000,5366681.2700,2026-09-15,2026-09-15 18:20:00.000000Z,2026-09-20 09:29:38.978563Z
"S002",3,20260915,2819,500,348,7766,6049,173,4158,189019178.7900,186243682.8800,99.8000,77.8900,2.0500,92.9800,92.4400,8181650.9900,2026-09-15,2026-09-15 18:20:00.000000Z,2026-09-20 09:29:38.978563Z
"S003",5,20260915,783,327,325,20703,15824,154,1831,97411218.8200,213619267.9600,97.7300,76.4300,1.6700,86.9400,82.0000,9436953.7300,2026-09-15,2026-09-15 18:20:00.000000Z,2026-09-20 09:29:38.978563Z
"S004",7,20260915,3088,349,195,13159,10832,34,4565,361214244.8500,216289201.8700,96.8600,82.3200,4.0700,83.1600,78.7500,16916162.8300,2026-09-15,2026-09-15 18:20:00.000000Z,2026-09-20 09:29:38.978563Z
"S005",9,20260915,1376,494,291,12466,9827,33,1608,90969821.5600,183997956.0800,95.4500,78.8300,0.4000,84.4500,77.9700,2832040.6600,2026-09-15,2026-09-15 18:20:00.000000Z,2026-09-20 09:29:38.978563Z
"S006",11,20260915,3882,350,55,11891,10026,52,4143,294113751.1000,199652305.9400,96.1700,84.3200,2.9600,89.2500,87.7700,14507201.9000,2026-09-15,2026-09-15 18:20:00.000000Z,2026-09-20 09:29:38.978563Z
"S007",13,20260915,1802,185,82,14749,12252,57,2316,35093879.5400,192676357.2800,94.8000,83.0700,4.0400,91.5200,87.6600,23850693.7900,2026-09-15,2026-09-15 18:20:00.000000Z,2026-09-20 09:29:38.978563Z
"S008",15,20260915,1329,257,345,7666,6795,39,4137,25655626.9200,195275800.2600,96.9400,88.6400,4.7100,90.7700,88.3300,17172477.2500,2026-09-15,2026-09-15 18:20:00.000000Z,2026-09-20 09:29:38.978563Z
"S001",1,20260916,3357,645,299,29390,25936,91,4162,125483270.7800,200638927.8300,99.8000,88.2500,1.6800,99.0000,95.7600,4716913.0300,2026-09-16,2026-09-16 18:20:00.000000Z,2026-09-20 09:29:38.978563Z
"S002",3,20260916,825,417,47,14428,10709,177,659,31935130.2900,199736357.9100,97.3400,74.2200,4.9300,94.5600,90.6700,15394684.1200,2026-09-16,2026-09-16 18:20:00.000000Z,2026-09-20 09:29:38.978563Z
"S003",5,20260916,1657,369,328,31178,32778,30,882,97298587.7100,211973182.3300,95.9400,105.1300,3.8000,85.1900,84.2600,22025875.6100,2026-09-16,2026-09-16 18:20:00.000000Z,2026-09-20 09:29:38.978563Z
"S004",7,20260916,1728,546,90,16422,12685,51,2055,40921395.5700,218175643.3400,99.1000,77.2400,3.2200,91.0200,85.3700,14213937.8200,2026-09-16,2026-09-16 18:20:00.000000Z,2026-09-20 09:29:38.978563Z
"S005",9,20260916,2064,470,142,11522,8919,62,4135,150032594.8200,205425315.8000,96.8600,77.4100,2.5600,96.6000,91.1900,15950459.5100,2026-09-16,2026-09-16 18:20:00.000000Z,2026-09-20 09:29:38.978563Z
"S006",11,20260916,2908,769,364,19781,17884,190,4176,154266685.7900,193672643.4000,97.6500,90.4100,2.0100,87.7600,85.5500,19002441.3400,2026-09-16,2026-09-16 18:20:00.000000Z,2026-09-20 09:29:38.978563Z
"S007",13,20260916,1395,456,244,20767,20754,171,2541,38691856.5900,189712942.6600,94.0100,99.9400,2.7900,91.9400,90.2800,13190573.9500,2026-09-16,2026-09-16 18:20:00.000000Z,2026-09-20 09:29:38.978563Z
"S008",15,20260916,2088,747,153,28784,21030,113,4545,100196592.3600,207403165.1300,94.0200,73.0600,3.6100,91.7600,90.1600,8496508.1800,2026-09-16,2026-09-16 18:20:00.000000Z,2026-09-20 09:29:38.978563Z
"S001",1,20260917,3506,849,231,15544,14773,122,940,34871466.0700,186745592.2100,95.6900,95.0400,4.1600,87.3200,84.3900,9841531.6500,2026-09-17,2026-09-17 18:20:00.000000Z,2026-09-20 09:29:38.978563Z
"S002",3,20260917,1129,505,110,28334,22320,73,626,134887530.9800,199606795.5100,96.9700,78.7700,3.5100,90.0600,88.7100,2853267.7400,2026-09-17,2026-09-17 18:20:00.000000Z,2026-09-20 09:29:38.978563Z
"S003",5,20260917,1435,506,71,14101,12963,78,3220,102177130.4100,204625150.9100,97.1100,91.9300,2.7500,83.0500,80.8900,6364750.6500,2026-09-17,2026-09-17 18:20:00.000000Z,2026-09-20 09:29:38.978563Z
"S004",7,20260917,2561,319,320,8713,6933,36,875,88278366.3500,190802484.9600,95.7100,79.5700,3.2200,89.9500,88.8700,21295580.8200,2026-09-17,2026-09-17 18:20:00.000000Z,2026-09-20 09:29:38.978563Z
"S005",9,20260917,3618,206,223,32893,30461,91,2555,324547220.6700,187052292.4900,97.7000,92.6100,4.1400,94.1700,92.7200,21702223.1600,2026-09-17,2026-09-17 18:20:00.000000Z,2026-09-20 09:29:38.978563Z
"S006",11,20260917,1022,274,84,24750,19806,89,550,99106902.7500,207981021.6300,98.6300,80.0200,3.9600,88.4500,84.1900,19637986.4700,2026-09-17,2026-09-17 18:20:00.000000Z,2026-09-20 09:29:38.978563Z
"S007",13,20260917,1348,217,308,29254,25363,188,5134,135090801.9700,204881766.3900,96.0700,86.7000,1.9200,92.2700,85.4200,15587576.3500,2026-09-17,2026-09-17 18:20:00.000000Z,2026-09-20 09:29:38.978563Z
"S008",15,20260917,1276,298,47,31847,32214,176,1501,147405691.1300,205131490.7700,98.1600,101.1500,3.8000,91.4000,85.3200,18265565.4200,2026-09-17,2026-09-17 18:20:00.000000Z,2026-09-20 09:29:38.978563Z
"S001",1,20260918,4097,771,152,15446,15627,110,3719,238536102.1600,195511153.1600,99.2400,101.1700,1.9200,85.6800,84.2400,1971374.2000,2026-09-18,2026-09-18 18:20:00.000000Z,2026-09-20 09:29:38.978563Z
"S002",3,20260918,1616,933,53,35248,25520,65,1379,95978759.3000,188711778.3800,98.7000,72.4000,5.1900,96.0400,93.6000,23665867.6900,2026-09-18,2026-09-18 18:20:00.000000Z,2026-09-20 09:29:38.978563Z
"S003",5,20260918,3425,657,249,24085,24648,104,429,78173930.5100,191786602.1800,97.3900,102.3400,1.1700,91.7000,88.3600,22217485.7700,2026-09-18,2026-09-18 18:20:00.000000Z,2026-09-20 09:29:38.978563Z
"S004",7,20260918,3779,781,154,19779,20136,25,1232,223783757.3800,221115666.6200,94.9300,101.8000,2.2900,81.4000,75.8500,9798552.9100,2026-09-18,2026-09-18 18:20:00.000000Z,2026-09-20 09:29:38.978563Z
"S005",9,20260918,3890,720,315,25272,24534,143,2561,185883075.2800,206443998.7200,96.9600,97.0800,3.1400,83.0500,77.4600,8308081.4200,2026-09-18,2026-09-18 18:20:00.000000Z,2026-09-20 09:29:38.978563Z
"S006",11,20260918,1104,608,302,32595,28334,103,3113,18315087.8400,209188477.2300,99.3700,86.9300,3.5800,96.2900,95.8600,24517891.2600,2026-09-18,2026-09-18 18:20:00.000000Z,2026-09-20 09:29:38.978563Z
"S007",13,20260918,2575,552,304,31714,25364,108,4991,60587987.7000,203193709.3100,96.3800,79.9800,2.3000,86.3700,84.2200,5759380.5200,2026-09-18,2026-09-18 18:20:00.000000Z,2026-09-20 09:29:38.978563Z
"S008",15,20260918,3498,217,253,30285,22705,33,2373,428161998.6500,187623511.2100,93.1400,74.9700,2.3300,84.6800,79.0700,8187740.1600,2026-09-18,2026-09-18 18:20:00.000000Z,2026-09-20 09:29:38.978563Z
"S001",1,20260919,2373,309,81,13674,13165,27,4065,161896498.8700,208223539.9100,93.4900,96.2800,1.9800,97.0000,95.2600,22435919.9300,2026-09-19,2026-09-19 18:20:00.000000Z,2026-09-20 09:29:38.978563Z
"S002",3,20260919,4127,416,359,31038,27588,118,824,395111386.5300,196037458.5300,95.2000,88.8800,1.5100,89.8400,87.2100,10444759.3600,2026-09-19,2026-09-19 18:20:00.000000Z,2026-09-20 09:29:38.978563Z
"S003",5,20260919,1319,932,208,13095,10082,118,2848,63673608.9300,197642845.9100,95.3000,76.9900,2.1400,96.9500,93.7500,14858514.7900,2026-09-19,2026-09-19 18:20:00.000000Z,2026-09-20 09:29:38.978563Z
"S004",7,20260919,3055,384,295,19712,16919,168,3297,122322934.8300,210230514.2500,94.9100,85.8300,4.1600,88.2800,87.2000,13052169.2000,2026-09-19,2026-09-19 18:20:00.000000Z,2026-09-20 09:29:38.978563Z
"S005",9,20260919,3332,907,22,8019,7568,33,600,67450959.4300,184468653.3400,94.9700,94.3800,1.1500,83.8400,78.9700,20894188.7600,2026-09-19,2026-09-19 18:20:00.000000Z,2026-09-20 09:29:38.978563Z
"S006",11,20260919,1118,132,299,26586,20599,143,1278,19984003.0900,197902477.2800,98.2400,77.4800,3.5900,84.9500,82.3100,13674989.2800,2026-09-19,2026-09-19 18:20:00.000000Z,2026-09-20 09:29:38.978563Z
"S007",13,20260919,2392,663,218,12776,13513,40,3781,147082627.6000,193886083.5400,97.4400,105.7700,3.9300,76.8500,76.0400,11558966.9700,2026-09-19,2026-09-19 18:20:00.000000Z,2026-09-20 09:29:38.978563Z
"S008",15,20260919,901,281,117,7305,5550,103,3882,17217531.3200,209034355.0700,96.6300,75.9800,3.1400,89.0200,86.0200,15980810.6100,2026-09-19,2026-09-19 18:20:00.000000Z,2026-09-20 09:29:38.978563Z
"S001",1,20260920,1523,827,211,25089,23413,46,4727,158815168.7400,208760358.3000,93.0800,93.3200,1.9000,88.1700,86.5800,11715670.0500,2026-09-20,2026-09-20 18:20:00.000000Z,2026-09-20 09:29:38.978563Z
"S002",3,20260920,2899,132,60,12307,8992,100,2905,318641038.4100,206438916.2700,93.8300,73.0600,2.4800,89.8000,86.5600,3331451.1300,2026-09-20,2026-09-20 18:20:00.000000Z,2026-09-20 09:29:38.978563Z
"S003",5,20260920,835,530,218,7083,7272,188,5031,33703593.2900,213387079.8900,96.0100,102.6700,1.4600,99.0000,97.9600,16966621.2000,2026-09-20,2026-09-20 18:20:00.000000Z,2026-09-20 09:29:38.978563Z
"S004",7,20260920,4061,325,343,9519,7573,184,1414,106440431.0300,214632745.9400,96.6500,79.5600,2.5300,92.6800,91.1200,14789730.4600,2026-09-20,2026-09-20 18:20:00.000000Z,2026-09-20 09:29:38.978563Z
"S005",9,20260920,2566,567,374,29563,24872,176,3711,306245813.7100,190415382.8600,95.8700,84.1300,3.3900,99.0000,93.4100,1213785.3000,2026-09-20,2026-09-20 18:20:00.000000Z,2026-09-20 09:29:38.978563Z
"S006",11,20260920,2134,413,57,14752,12443,157,474,88983492.8900,193174406.1100,93.7000,84.3500,3.4600,90.8200,90.7700,18902898.5000,2026-09-20,2026-09-20 18:20:00.000000Z,2026-09-20 09:29:38.978563Z
"S007",13,20260920,3541,714,242,24386,17575,89,2930,223384409.6600,204436645.6000,95.3700,72.0700,2.0000,81.6200,76.3900,14097311.5300,2026-09-20,2026-09-20 18:20:00.000000Z,2026-09-20 09:29:38.978563Z
"S008",15,20260920,1241,712,148,14597,14757,47,598,106782534.8400,197579363.5000,95.3300,101.1000,3.8200,91.7500,86.6100,12602705.9700,2026-09-20,2026-09-20 18:20:00.000000Z,2026-09-20 09:29:38.978563Z
"S001",1,20260921,2298,400,342,13340,11909,59,4082,109528573.0400,212263508.3800,95.4600,89.2700,5.1100,94.7200,93.0600,19248680.9400,2026-09-21,2026-09-21 18:20:00.000000Z,2026-09-20 09:29:38.978563Z
"S002",3,20260921,3452,532,336,25241,23937,88,5139,148813411.7600,205832947.5000,96.9400,94.8300,3.5100,93.2200,88.5500,14426527.3800,2026-09-21,2026-09-21 18:20:00.000000Z,2026-09-20 09:29:38.978563Z
"S003",5,20260921,3953,413,248,22029,16007,112,1585,383740942.0000,196608883.3500,93.2600,72.6600,0.9700,98.1100,97.2500,22814453.7000,2026-09-21,2026-09-21 18:20:00.000000Z,2026-09-20 09:29:38.978563Z
"S004",7,20260921,1308,754,283,18545,15834,56,5189,32826946.4100,203660729.7800,98.9800,85.3800,2.7800,96.7200,93.3000,13911336.9400,2026-09-21,2026-09-21 18:20:00.000000Z,2026-09-20 09:29:38.978563Z
"S005",9,20260921,1820,933,202,32585,32201,103,3111,44235844.2100,182779687.4100,97.4800,98.8200,1.1700,96.4700,91.3100,14924882.2000,2026-09-21,2026-09-21 18:20:00.000000Z,2026-09-20 09:29:38.978563Z
"S006",11,20260921,3875,921,189,30709,32511,173,1889,259799254.6700,202151612.7000,97.0500,105.8700,3.6900,82.0900,79.8600,22668555.7300,2026-09-21,2026-09-21 18:20:00.000000Z,2026-09-20 09:29:38.978563Z
"S007",13,20260921,2301,908,296,34877,30543,174,4601,121498004.3400,194709163.8600,94.5800,87.5700,2.7700,79.4800,73.0900,24904839.9400,2026-09-21,2026-09-21 18:20:00.000000Z,2026-09-20 09:29:38.978563Z
"S008",15,20260921,1342,776,342,24389,25695,138,4351,133797164.2600,186075239.2100,95.6000,105.3500,2.9400,83.6200,81.1000,24499345.2700,2026-09-21,2026-09-21 18:20:00.000000Z,2026-09-20 09:29:38.978563Z
"S001",1,20260922,3494,408,355,10517,9130,129,440,199962845.2500,203751879.7000,95.6100,86.8100,5.6100,95.6300,91.1000,6853424.9300,2026-09-22,2026-09-22 18:20:00.000000Z,2026-09-20 09:29:38.978563Z
"S002",3,20260922,3301,870,325,25353,21052,188,149,225599000.8700,193545886.6600,95.3700,83.0400,1.8800,85.7200,85.4100,11636191.2400,2026-09-22,2026-09-22 18:20:00.000000Z,2026-09-20 09:29:38.978563Z
"S003",5,20260922,1147,372,237,18367,14879,102,1353,111993463.9700,204652031.5700,99.6400,81.0100,1.7400,99.0000,97.9800,10541382.9500,2026-09-22,2026-09-22 18:20:00.000000Z,2026-09-20 09:29:38.978563Z
"S004",7,20260922,3978,423,203,21981,18670,138,2892,350097209.8700,215803015.1400,93.0600,84.9400,2.1200,89.3400,83.9600,17612623.5300,2026-09-22,2026-09-22 18:20:00.000000Z,2026-09-20 09:29:38.978563Z
"S005",9,20260922,3810,695,276,8015,8214,97,2572,258692384.2400,196778377.9300,94.4400,102.4800,2.6500,89.3700,87.0600,16716314.5900,2026-09-22,2026-09-22 18:20:00.000000Z,2026-09-20 09:29:38.978563Z
"S006",11,20260922,668,879,325,12317,9052,169,781,80360523.6400,197758793.0600,95.3400,73.4900,1.9500,83.7400,76.8200,5066011.7000,2026-09-22,2026-09-22 18:20:00.000000Z,2026-09-20 09:29:38.978563Z
"S007",13,20260922,1162,677,373,24347,21874,138,4678,85837164.6600,209366298.3800,94.2500,89.8400,0.8200,76.7900,70.1900,20687919.5100,2026-09-22,2026-09-22 18:20:00.000000Z,2026-09-20 09:29:38.978563Z
"S008",15,20260922,1594,772,345,7460,6856,49,888,50926967.8300,198901905.1700,96.8700,91.9000,2.6500,86.9900,86.2100,2354429.8700,2026-09-22,2026-09-22 18:20:00.000000Z,2026-09-20 09:29:38.978563Z
"S001",1,20260923,4156,667,170,16679,17387,128,4848,189918803.9700,189606062.9400,96.7300,104.2400,2.5400,96.2900,92.5300,5860992.9400,2026-09-23,2026-09-23 18:20:00.000000Z,2026-09-20 09:29:38.978563Z
"S002",3,20260923,1407,271,188,9043,9455,31,4522,41880415.3600,194652879.5700,96.7000,104.5600,4.8500,88.7100,86.5400,8198380.7200,2026-09-23,2026-09-23 18:20:00.000000Z,2026-09-20 09:29:38.978563Z
"S003",5,20260923,3624,816,195,10620,9241,122,1026,43896018.6400,213084074.6200,94.8800,87.0200,0.6800,81.8100,76.4300,17928558.3200,2026-09-23,2026-09-23 18:20:00.000000Z,2026-09-20 09:29:38.978563Z
"S004",7,20260923,1993,728,35,34376,29232,121,1628,161281501.3200,207580421.0700,95.2800,85.0400,1.1100,90.3000,84.7900,24519995.1400,2026-09-23,2026-09-23 18:20:00.000000Z,2026-09-20 09:29:38.978563Z
"S005",9,20260923,1227,161,274,23514,23428,155,4512,75384975.6400,189776367.6800,94.8500,99.6300,1.9600,79.5700,78.1400,10054765.2900,2026-09-23,2026-09-23 18:20:00.000000Z,2026-09-20 09:29:38.978563Z
"S006",11,20260923,4144,825,162,35663,26731,109,2594,423439695.2800,189410969.6400,94.0600,74.9500,3.4400,98.0200,96.9900,9113836.1500,2026-09-23,2026-09-23 18:20:00.000000Z,2026-09-20 09:29:38.978563Z
"S007",13,20260923,1349,897,343,24583,18509,48,4927,67400268.0500,194047640.2600,96.6300,75.2900,2.2900,89.9500,84.0100,6794507.5700,2026-09-23,2026-09-23 18:20:00.000000Z,2026-09-20 09:29:38.978563Z
"S008",15,20260923,4175,868,368,31024,26558,177,4971,213229871.9100,196542039.3800,96.4500,85.6000,4.2300,99.0000,95.9400,11594762.1700,2026-09-23,2026-09-23 18:20:00.000000Z,2026-09-20 09:29:38.978563Z
"S001",1,20260924,1994,703,364,11447,9678,20,834,101514688.9600,217670232.4500,94.9500,84.5500,3.4100,88.8000,82.9600,2004921.8500,2026-09-24,2026-09-24 18:20:00.000000Z,2026-09-20 09:29:38.978563Z
"S002",3,20260924,752,538,59,29405,25264,61,1290,55454397.4800,204806233.2900,97.8400,85.9200,3.2000,90.5700,89.4800,22702563.5200,2026-09-24,2026-09-24 18:20:00.000000Z,2026-09-20 09:29:38.978563Z
"S003",5,20260924,2734,243,108,7031,6650,61,4451,28224401.1800,198592224.5700,94.5500,94.5800,2.7800,79.0100,74.1500,12771922.8100,2026-09-24,2026-09-24 18:20:00.000000Z,2026-09-20 09:29:38.978563Z
"S004",7,20260924,1967,606,63,17720,18137,61,1523,182843994.4900,188766443.6200,93.6200,102.3500,1.3300,92.5100,87.5900,1488684.5100,2026-09-24,2026-09-24 18:20:00.000000Z,2026-09-20 09:29:38.978563Z
"S005",9,20260924,2291,165,198,15852,15925,39,3172,31222592.3600,208734798.6800,96.1800,100.4600,0.4100,89.7800,89.1900,21390528.7300,2026-09-24,2026-09-24 18:20:00.000000Z,2026-09-20 09:29:38.978563Z
"S006",11,20260924,654,531,73,8315,6519,118,4617,30463067.6300,208827988.9100,94.1800,78.4000,3.2800,85.9400,79.7700,19599579.6200,2026-09-24,2026-09-24 18:20:00.000000Z,2026-09-20 09:29:38.978563Z
"S007",13,20260924,3175,555,145,18422,18704,81,4474,131351471.3100,209554418.8900,95.8200,101.5300,3.3800,85.8300,81.1400,25954333.4100,2026-09-24,2026-09-24 18:20:00.000000Z,2026-09-20 09:29:38.978563Z
"S008",15,20260924,1370,235,132,24731,18241,73,2755,18543045.3300,187649926.1100,96.3500,73.7600,2.2500,92.3400,90.9000,9352485.9500,2026-09-24,2026-09-24 18:20:00.000000Z,2026-09-20 09:29:38.978563Z
"S001",1,20260925,3875,425,147,17947,15803,183,3937,70684874.8300,191876673.7700,96.9700,88.0500,3.2200,93.9800,87.1600,7569040.5600,2026-09-25,2026-09-25 18:20:00.000000Z,2026-09-20 09:29:38.978563Z
"S002",3,20260925,2034,803,146,30615,27433,109,2985,50236385.4800,213174888.8500,94.6000,89.6100,4.3700,87.6000,85.7200,3146649.6100,2026-09-25,2026-09-25 18:20:00.000000Z,2026-09-20 09:29:38.978563Z
"S003",5,20260925,1500,929,112,19761,17371,149,5116,51942176.6600,200822500.5000,93.7700,87.9100,1.6900,86.0600,80.3300,23920035.0700,2026-09-25,2026-09-25 18:20:00.000000Z,2026-09-20 09:29:38.978563Z
"S004",7,20260925,4066,270,153,7767,6470,169,986,42212862.2200,208904043.2400,98.0000,83.3000,0.4000,87.7500,86.2800,16456945.5900,2026-09-25,2026-09-25 18:20:00.000000Z,2026-09-20 09:29:38.978563Z
"S005",9,20260925,1177,409,277,34334,27110,178,3202,44337409.0800,179608535.1400,95.7700,78.9600,1.0700,98.3900,92.1700,19483447.9500,2026-09-25,2026-09-25 18:20:00.000000Z,2026-09-20 09:29:38.978563Z
"S006",11,20260925,1232,432,103,8248,7975,40,1978,116943199.4800,209248377.6100,99.4800,96.6900,4.8500,82.1600,78.5000,4143444.4500,2026-09-25,2026-09-25 18:20:00.000000Z,2026-09-20 09:29:38.978563Z
"S007",13,20260925,3733,751,177,27661,24781,59,935,362646371.1500,208403862.0300,96.5400,89.5900,2.8800,75.8600,73.8600,12083116.2400,2026-09-25,2026-09-25 18:20:00.000000Z,2026-09-20 09:29:38.978563Z
"S008",15,20260925,3763,449,71,14601,14022,37,1316,265478465.0900,217199530.9600,97.0200,96.0300,3.5100,85.1600,84.5900,16531435.0400,2026-09-25,2026-09-25 18:20:00.000000Z,2026-09-20 09:29:38.978563Z
"S001",1,20260926,2423,423,332,18075,14911,48,5181,218141070.2700,197911154.9200,94.9500,82.5000,3.4300,84.3900,81.2200,1880963.7000,2026-09-26,2026-09-26 18:20:00.000000Z,2026-09-20 09:29:38.978563Z
"S002",3,20260926,1833,626,182,29924,28040,91,3763,206162803.5900,206630498.6300,96.3000,93.7000,2.4200,84.7100,78.6300,14615773.4900,2026-09-26,2026-09-26 18:20:00.000000Z,2026-09-20 09:29:38.978563Z
"S003",5,20260926,2727,527,183,24553,21648,50,3220,337700419.5100,192740492.6600,96.9300,88.1700,3.9200,84.9800,83.7700,4900756.6200,2026-09-26,2026-09-26 18:20:00.000000Z,2026-09-20 09:29:38.978563Z
"S004",7,20260926,4035,267,114,15315,14231,147,3062,113734355.4700,191761378.0000,95.4400,92.9200,2.2500,88.4000,83.1200,4703051.1400,2026-09-26,2026-09-26 18:20:00.000000Z,2026-09-20 09:29:38.978563Z
"S005",9,20260926,1659,921,208,10066,8205,145,1902,103356867.1700,207597832.4700,97.2200,81.5100,4.3500,82.5100,82.3000,23622459.3400,2026-09-26,2026-09-26 18:20:00.000000Z,2026-09-20 09:29:38.978563Z
"S006",11,20260926,4015,158,284,23922,21678,105,691,167276535.8800,210470592.0900,96.2600,90.6200,2.3000,78.9900,74.8800,9205904.4600,2026-09-26,2026-09-26 18:20:00.000000Z,2026-09-20 09:29:38.978563Z
"S007",13,20260926,2140,413,115,24565,25165,160,427,81609972.0000,195829797.4800,98.7400,102.4400,2.4200,91.9900,89.3400,3642049.5000,2026-09-26,2026-09-26 18:20:00.000000Z,2026-09-20 09:29:38.978563Z
"S008",15,20260926,2364,608,201,15906,11545,123,5176,234421544.6700,192316004.9100,97.8400,72.5800,1.9800,74.0300,67.4600,15615602.4500,2026-09-26,2026-09-26 18:20:00.000000Z,2026-09-20 09:29:38.978563Z
"S001",1,20260927,3206,423,176,20630,16706,17,3686,321328527.6400,216810140.1800,94.6900,80.9800,5.0000,86.2600,81.8900,10868429.8800,2026-09-27,2026-09-27 18:20:00.000000Z,2026-09-20 09:29:38.978563Z
"S002",3,20260927,2389,648,244,28647,26905,41,103,123943743.9600,195059242.2100,97.6200,93.9200,2.3800,83.6500,77.6300,8362953.1000,2026-09-27,2026-09-27 18:20:00.000000Z,2026-09-20 09:29:38.978563Z
"S003",5,20260927,4041,932,333,11104,9282,30,542,71405006.8500,207324139.0100,93.7400,83.5900,2.4000,72.7200,70.4200,14278446.6600,2026-09-27,2026-09-27 18:20:00.000000Z,2026-09-20 09:29:38.978563Z
"S004",7,20260927,2230,831,25,35711,34468,72,823,265837921.9600,191198299.5300,96.1000,96.5200,2.0200,87.6700,83.2300,12978190.2400,2026-09-27,2026-09-27 18:20:00.000000Z,2026-09-20 09:29:38.978563Z
"S005",9,20260927,4044,528,126,20918,15583,189,1758,263694709.3400,198527870.1700,95.6400,74.5000,2.0500,78.9900,74.0500,10681498.7900,2026-09-27,2026-09-27 18:20:00.000000Z,2026-09-20 09:29:38.978563Z
"S006",11,20260927,4106,566,336,12939,9581,119,3913,330983976.4300,206134662.2100,96.9900,74.0500,4.1500,86.4800,82.9900,9599290.5700,2026-09-27,2026-09-27 18:20:00.000000Z,2026-09-20 09:29:38.978563Z
"S007",13,20260927,2103,134,195,27408,25621,151,4415,238892259.5100,196660354.4200,95.3000,93.4800,4.1900,91.3800,90.4900,11706914.7100,2026-09-27,2026-09-27 18:20:00.000000Z,2026-09-20 09:29:38.978563Z
"S008",15,20260927,3967,704,266,11062,8063,172,4613,97620568.8800,209216035.9400,97.8400,72.8900,3.2900,87.3300,86.1700,17264203.7700,2026-09-27,2026-09-27 18:20:00.000000Z,2026-09-20 09:29:38.978563Z
"S001",1,20260928,2527,807,95,30965,28591,72,1944,91204963.2700,212116313.5900,97.8800,92.3300,2.9700,97.1500,95.5400,4552807.6300,2026-09-28,2026-09-28 18:20:00.000000Z,2026-09-20 09:29:38.978563Z
"S002",3,20260928,1672,947,153,32399,25807,133,4530,177067588.3800,186141763.4200,96.0300,79.6500,0.4000,81.7400,77.2500,19701710.8100,2026-09-28,2026-09-28 18:20:00.000000Z,2026-09-20 09:29:38.978563Z
"S003",5,20260928,3961,419,290,13933,10919,138,2476,303381482.2000,207619089.5500,96.4900,78.3700,3.1500,81.6500,79.8600,10289708.6800,2026-09-28,2026-09-28 18:20:00.000000Z,2026-09-20 09:29:38.978563Z
"S004",7,20260928,3018,471,294,27776,20451,28,4221,218069994.4400,213364226.9200,96.4000,73.6300,1.3100,99.0000,98.8300,2358267.4600,2026-09-28,2026-09-28 18:20:00.000000Z,2026-09-20 09:29:38.978563Z
"S005",9,20260928,1352,302,365,21478,19584,119,2142,161669738.9800,196730220.2200,99.4600,91.1800,4.3300,91.9000,86.5000,2257849.9900,2026-09-28,2026-09-28 18:20:00.000000Z,2026-09-20 09:29:38.978563Z
"S006",11,20260928,2419,310,216,33284,24885,56,3025,26270345.4100,198770709.1200,94.8300,74.7700,0.8800,90.5100,90.2200,23690302.6200,2026-09-28,2026-09-28 18:20:00.000000Z,2026-09-20 09:29:38.978563Z
"S007",13,20260928,4069,344,346,33413,27311,85,3591,325199425.3300,214350089.7000,96.1000,81.7400,6.0900,89.6400,83.4900,18567521.2200,2026-09-28,2026-09-28 18:20:00.000000Z,2026-09-20 09:29:38.978563Z
"S008",15,20260928,3819,941,48,14974,12014,70,4523,102882004.6700,185679939.8400,94.2600,80.2300,4.1000,91.8200,87.6900,1239531.2100,2026-09-28,2026-09-28 18:20:00.000000Z,2026-09-20 09:29:38.978563Z
"S001",1,20260929,3635,269,102,32391,24928,62,1955,172698668.9200,203277437.8900,99.8000,76.9600,3.8200,93.0800,92.3400,7610654.3900,2026-09-29,2026-09-29 18:20:00.000000Z,2026-09-20 09:29:38.978563Z
"S002",3,20260929,1050,682,237,18197,13226,23,3908,30774152.6300,189080182.7100,94.7400,72.6800,3.6400,86.2200,84.9500,8614413.9900,2026-09-29,2026-09-29 18:20:00.000000Z,2026-09-20 09:29:38.978563Z
"S003",5,20260929,1314,819,236,18193,16441,82,4006,91031422.1700,218370296.2900,97.3600,90.3700,4.1700,86.0100,85.3400,19343043.4100,2026-09-29,2026-09-29 18:20:00.000000Z,2026-09-20 09:29:38.978563Z
"S004",7,20260929,990,432,311,16861,15096,175,2352,107417888.4600,199749355.9600,99.2900,89.5300,2.1900,94.3200,87.4100,24621006.9500,2026-09-29,2026-09-29 18:20:00.000000Z,2026-09-20 09:29:38.978563Z
"S005",9,20260929,1802,602,113,31930,23875,178,4055,97416927.7200,182929519.7200,96.2600,74.7700,1.7200,84.4100,83.2300,25705569.8700,2026-09-29,2026-09-29 18:20:00.000000Z,2026-09-20 09:29:38.978563Z
"S006",11,20260929,2585,549,285,15159,15666,182,603,162514063.6100,210301852.5600,94.1300,103.3400,3.3000,88.9700,88.4200,15200552.6900,2026-09-29,2026-09-29 18:20:00.000000Z,2026-09-20 09:29:38.978563Z
"S007",13,20260929,3302,541,357,17496,13791,183,3834,174357715.7200,190516402.2000,97.8600,78.8200,3.3900,90.9700,86.2400,5836852.6300,2026-09-29,2026-09-29 18:20:00.000000Z,2026-09-20 09:29:38.978563Z
"S008",15,20260929,3236,251,122,32723,24097,137,122,238656213.0900,190903985.1300,98.6400,73.6400,1.0200,89.2700,87.9500,5444398.8000,2026-09-29,2026-09-29 18:20:00.000000Z,2026-09-20 09:29:38.978563Z
"S001",1,20260930,2580,459,245,8817,6606,68,4141,265784452.7000,197078135.5100,98.6400,74.9200,4.3800,92.5300,91.6600,17941124.4100,2026-09-30,2026-09-30 18:20:00.000000Z,2026-09-20 09:29:38.978563Z
"S002",3,20260930,3203,387,329,17166,14176,153,3969,82137554.2400,196871511.0000,95.1500,82.5800,4.4500,95.4400,89.6200,5222310.0400,2026-09-30,2026-09-30 18:20:00.000000Z,2026-09-20 09:29:38.978563Z
"S003",5,20260930,1439,669,66,15212,14213,36,2175,40587777.6100,217468663.6700,97.9400,93.4300,3.6500,81.9200,75.2200,18210230.9600,2026-09-30,2026-09-30 18:20:00.000000Z,2026-09-20 09:29:38.978563Z
"S004",7,20260930,2134,369,59,34104,26388,172,591,43117377.7000,211980357.7300,97.9800,77.3800,4.4300,97.2300,96.0400,15573229.0300,2026-09-30,2026-09-30 18:20:00.000000Z,2026-09-20 09:29:38.978563Z
"S005",9,20260930,1309,246,191,8030,5788,119,4729,102910179.0800,199210305.5800,99.0000,72.0800,3.9800,99.0000,94.6200,5552801.7800,2026-09-30,2026-09-30 18:20:00.000000Z,2026-09-20 09:29:38.978563Z
"S006",11,20260930,2061,547,357,33817,25040,32,4714,192580898.0000,193148718.6700,97.1400,74.0500,4.8700,81.3200,76.8900,13885070.8000,2026-09-30,2026-09-30 18:20:00.000000Z,2026-09-20 09:29:38.978563Z
"S007",13,20260930,3644,566,205,26701,19793,21,177,153741593.0600,218253184.5200,93.7000,74.1300,2.2700,87.7200,87.6200,19643145.6900,2026-09-30,2026-09-30 18:20:00.000000Z,2026-09-20 09:29:38.978563Z
"S008",15,20260930,3517,218,61,25697,19191,157,2520,324298802.3800,208809199.8800,96.9100,74.6800,2.3200,90.3000,88.3600,4599432.0700,2026-09-30,2026-09-30 18:20:00.000000Z,2026-09-20 09:29:38.978563Z
