bom_id,parent_product_id,bom_version,effective_from,effective_to,yield_pct,routing_code,status
BOM0000001,P000001,1.0,2024-09-01,,94.49,RT-660,active
BOM0000002,P000002,2.0,2024-01-01,,98.39,RT-451,active
BOM0000003,P000003,1.0,2024-10-01,,97.15,RT-394,active
BOM0000004,P000004,1.1,2024-08-01,,95.53,RT-899,active
BOM0000005,P000005,1.1,2024-09-01,,97.16,RT-697,active
BOM0000006,P000006,1.0,2024-09-01,,97.3,RT-794,active
BOM0000007,P000007,1.0,2024-02-01,,97.87,RT-918,active
BOM0000008,P000008,2.0,2024-01-01,,97.68,RT-476,active
BOM0000009,P000009,2.0,2024-05-01,,95.86,RT-641,active
BOM0000010,P000010,1.1,2024-10-01,,97.9,RT-185,active
BOM0000011,P000011,1.1,2024-09-01,,98.24,RT-121,active
BOM0000012,P000012,1.0,2024-07-01,,96.98,RT-408,active
BOM0000013,P000013,1.1,2024-10-01,,95.68,RT-503,active
BOM0000014,P000014,1.1,2024-08-01,,93.68,RT-247,active
BOM0000015,P000015,1.0,2024-04-01,,97.93,RT-380,active
BOM0000016,P000016,1.0,2024-04-01,,99.77,RT-215,active
BOM0000017,P000017,1.0,2024-02-01,,98.96,RT-696,active
BOM0000018,P000018,2.0,2024-05-01,,96.7,RT-833,active
BOM0000019,P000019,1.0,2024-04-01,,98.03,RT-432,active
BOM0000020,P000020,2.0,2024-12-01,,98.18,RT-367,active
BOM0000021,P000021,1.0,2024-07-01,,97.15,RT-650,active
BOM0000022,P000022,1.0,2024-12-01,,99.9,RT-980,active
BOM0000023,P000023,1.0,2024-08-01,,98.52,RT-882,active
BOM0000024,P000024,1.0,2024-04-01,,97.81,RT-977,active
BOM0000025,P000025,2.0,2024-03-01,,97.2,RT-106,active
BOM0000026,P000026,2.0,2024-04-01,,99.9,RT-727,active
BOM0000027,P000027,1.1,2024-01-01,,97.74,RT-824,active
BOM0000028,P000028,1.0,2024-11-01,,99.9,RT-715,active
BOM0000029,P000029,1.0,2024-07-01,,94.56,RT-638,active
BOM0000030,P000030,1.0,2024-02-01,,96.07,RT-289,active
BOM0000031,P000031,1.0,2024-03-01,,96.14,RT-570,active
BOM0000032,P000032,1.0,2024-08-01,,97.01,RT-661,active
BOM0000033,P000033,1.0,2024-09-01,,97.46,RT-141,active
BOM0000034,P000034,2.0,2024-10-01,,97.87,RT-427,active
BOM0000035,P000035,1.1,2024-10-01,,98.96,RT-851,active
BOM0000036,P000036,1.0,2024-04-01,,99.5,RT-146,active
BOM0000037,P000037,1.1,2024-03-01,,96.76,RT-426,active
BOM0000038,P000038,1.0,2024-04-01,,97.18,RT-782,active
BOM0000039,P000039,1.0,2024-05-01,,95.51,RT-284,active
BOM0000040,P000040,1.0,2024-12-01,,96.78,RT-611,active
BOM0000041,P000041,1.0,2024-11-01,,96.73,RT-670,active
BOM0000042,P000042,1.0,2024-12-01,,95.09,RT-192,active
BOM0000043,P000043,1.1,2024-11-01,,93.87,RT-179,active
BOM0000044,P000044,1.0,2024-04-01,,94.21,RT-694,active
BOM0000045,P000045,1.0,2024-09-01,,97.67,RT-615,active
BOM0000046,P000046,1.0,2024-07-01,,95.03,RT-421,active
BOM0000047,P000047,1.0,2024-12-01,,96.07,RT-520,active
BOM0000048,P000048,2.0,2024-06-01,,99.9,RT-164,active
BOM0000049,P000049,1.0,2024-01-01,,94.25,RT-383,active
BOM0000050,P000050,1.1,2024-06-01,,98.15,RT-982,active
BOM0000051,P000051,1.1,2024-10-01,,99.9,RT-920,active
BOM0000052,P000052,2.0,2024-05-01,,96.89,RT-414,active
BOM0000053,P000053,2.0,2024-02-01,,98.3,RT-211,active
BOM0000054,P000054,1.1,2024-01-01,,96.8,RT-875,active
BOM0000055,P000055,1.0,2024-05-01,,98.86,RT-429,active
BOM0000056,P000056,2.0,2024-07-01,,98.31,RT-417,active
BOM0000057,P000057,1.0,2024-11-01,,94.08,RT-970,active
BOM0000058,P000058,1.1,2024-05-01,,97.28,RT-788,active
BOM0000059,P000059,1.0,2024-02-01,,98.45,RT-870,active
BOM0000060,P000060,1.0,2024-11-01,,94.88,RT-805,active
BOM0000061,P000061,1.0,2024-05-01,,99.9,RT-245,active
BOM0000062,P000062,1.0,2024-12-01,,96.44,RT-359,active
BOM0000063,P000063,1.1,2024-04-01,,97.83,RT-582,active
BOM0000064,P000064,1.1,2024-04-01,,98.37,RT-968,active
BOM0000065,P000065,1.0,2024-01-01,,96.12,RT-297,active
BOM0000066,P000066,1.1,2024-10-01,,95.07,RT-415,active
BOM0000067,P000067,2.0,2024-08-01,,94.36,RT-436,active
BOM0000068,P000068,1.0,2024-06-01,,97.06,RT-405,active
BOM0000069,P000069,2.0,2024-05-01,,97.26,RT-713,active
BOM0000070,P000070,1.0,2024-11-01,,99.35,RT-264,active
BOM0000071,P000071,1.0,2024-05-01,,98.69,RT-873,active
BOM0000072,P000072,1.0,2024-02-01,,97.07,RT-477,active
BOM0000073,P000073,1.1,2024-10-01,,99.88,RT-212,active
BOM0000074,P000074,1.0,2024-12-01,,96.54,RT-342,active
BOM0000075,P000075,1.1,2024-12-01,,99.4,RT-474,active
BOM0000076,P000076,1.0,2024-06-01,,98.1,RT-916,active
BOM0000077,P000077,1.1,2024-10-01,,96.87,RT-389,active
BOM0000078,P000078,1.1,2024-12-01,,95.87,RT-504,active
BOM0000079,P000079,1.0,2024-03-01,,97.13,RT-480,active
BOM0000080,P000080,1.1,2024-02-01,,96.72,RT-374,active
BOM0000081,P000081,1.0,2024-08-01,,96.12,RT-872,active
BOM0000082,P000082,1.0,2024-04-01,,96.72,RT-786,active
BOM0000083,P000083,1.0,2024-11-01,,96.72,RT-616,active
BOM0000084,P000084,2.0,2024-05-01,,96.0,RT-327,active
BOM0000085,P000085,1.0,2024-08-01,,99.37,RT-711,active
BOM0000086,P000086,2.0,2024-04-01,,98.45,RT-812,active
BOM0000087,P000087,1.0,2024-04-01,,95.53,RT-749,active
BOM0000088,P000088,1.0,2024-05-01,,97.71,RT-829,active
BOM0000089,P000089,1.0,2024-12-01,,99.53,RT-243,active
BOM0000090,P000090,1.0,2024-11-01,,97.63,RT-160,active
BOM0000091,P000091,1.0,2024-09-01,,97.99,RT-476,active
BOM0000092,P000092,2.0,2024-06-01,,96.76,RT-219,active
BOM0000093,P000093,1.1,2024-12-01,,98.34,RT-414,active
BOM0000094,P000094,1.1,2024-06-01,,99.23,RT-324,active
BOM0000095,P000095,1.0,2024-03-01,,96.24,RT-627,active
BOM0000096,P000096,1.1,2024-11-01,,97.42,RT-806,active
BOM0000097,P000097,2.0,2024-03-01,,94.06,RT-662,active
BOM0000098,P000098,1.1,2024-11-01,,95.61,RT-170,active
BOM0000099,P000099,1.0,2024-06-01,,96.85,RT-621,active
BOM0000100,P000100,1.0,2024-09-01,,93.87,RT-187,active
BOM0000101,P000101,1.0,2024-03-01,,99.9,RT-121,active
BOM0000102,P000102,1.0,2024-03-01,,99.16,RT-750,active
BOM0000103,P000103,1.0,2024-04-01,,96.81,RT-940,active
BOM0000104,P000104,1.0,2024-05-01,,97.91,RT-531,active
BOM0000105,P000105,2.0,2024-04-01,,96.32,RT-558,active
BOM0000106,P000106,1.0,2024-10-01,,99.57,RT-796,active
BOM0000107,P000107,1.0,2024-04-01,,94.53,RT-719,active
BOM0000108,P000108,1.0,2024-12-01,,98.53,RT-195,active
BOM0000109,P000109,1.0,2024-09-01,,95.71,RT-227,active
BOM0000110,P000110,2.0,2024-08-01,,95.37,RT-486,active
BOM0000111,P000111,1.0,2024-10-01,,95.04,RT-913,active
BOM0000112,P000112,1.0,2024-04-01,,95.85,RT-102,active
BOM0000113,P000113,1.1,2024-09-01,,97.12,RT-271,active
BOM0000114,P000114,1.1,2024-03-01,,98.19,RT-997,active
BOM0000115,P000115,1.1,2024-02-01,,97.6,RT-138,active
BOM0000116,P000116,1.0,2024-09-01,,97.67,RT-492,active
BOM0000117,P000117,1.0,2024-06-01,,99.68,RT-811,active
BOM0000118,P000118,1.0,2024-04-01,,98.57,RT-583,active
BOM0000119,P000119,1.0,2024-05-01,,96.96,RT-701,active
BOM0000120,P000120,1.1,2024-03-01,,96.5,RT-819,active
BOM0000121,P000121,1.0,2024-06-01,,97.78,RT-704,active
BOM0000122,P000122,1.0,2024-06-01,,95.28,RT-185,active
BOM0000123,P000123,1.0,2024-08-01,,96.04,RT-914,active
BOM0000124,P000124,1.0,2024-04-01,,96.55,RT-771,active
BOM0000125,P000125,1.0,2024-09-01,,94.6,RT-104,active
BOM0000126,P000126,1.0,2024-09-01,,98.16,RT-576,active
BOM0000127,P000127,1.0,2024-01-01,,96.96,RT-194,active
BOM0000128,P000128,1.0,2024-04-01,,97.28,RT-386,active
BOM0000129,P000129,1.1,2024-03-01,,94.87,RT-863,active
BOM0000130,P000130,2.0,2024-10-01,,97.47,RT-193,active
BOM0000131,P000131,2.0,2024-12-01,,99.9,RT-177,active
BOM0000132,P000132,1.1,2024-04-01,,95.81,RT-293,active
BOM0000133,P000133,1.1,2024-10-01,,98.8,RT-364,active
BOM0000134,P000134,1.0,2024-06-01,,97.21,RT-241,active
BOM0000135,P000135,1.1,2024-09-01,,98.38,RT-119,active
BOM0000136,P000136,2.0,2024-10-01,,95.37,RT-934,active
BOM0000137,P000137,1.1,2024-03-01,,99.36,RT-811,active
BOM0000138,P000138,2.0,2024-11-01,,94.96,RT-421,active
BOM0000139,P000139,1.1,2024-12-01,,96.88,RT-983,active
BOM0000140,P000140,1.0,2024-07-01,,95.52,RT-133,active
BOM0000141,P000141,1.0,2024-07-01,,95.58,RT-804,active
BOM0000142,P000142,2.0,2024-08-01,,96.18,RT-930,active
BOM0000143,P000143,1.1,2024-02-01,,96.8,RT-791,active
BOM0000144,P000144,1.0,2024-10-01,,97.36,RT-391,active
BOM0000145,P000145,2.0,2024-05-01,,96.39,RT-947,active
BOM0000146,P000146,2.0,2024-11-01,,96.5,RT-601,active
BOM0000147,P000147,1.1,2024-04-01,,98.88,RT-658,active
BOM0000148,P000148,1.1,2024-03-01,,96.44,RT-110,active
BOM0000149,P000149,1.0,2024-05-01,,99.49,RT-354,active
BOM0000150,P000150,1.0,2024-11-01,,95.26,RT-783,active
BOM0000151,P000151,1.0,2024-12-01,,93.78,RT-546,active
BOM0000152,P000152,1.1,2024-06-01,,97.84,RT-501,active
BOM0000153,P000153,1.1,2024-05-01,,95.4,RT-996,active
BOM0000154,P000154,1.1,2024-05-01,,96.11,RT-605,active
BOM0000155,P000155,1.0,2024-07-01,,99.9,RT-481,active
BOM0000156,P000156,1.1,2024-06-01,,96.82,RT-419,active
BOM0000157,P000157,1.0,2024-08-01,,99.63,RT-998,active
BOM0000158,P000158,1.0,2024-02-01,,96.19,RT-599,active
BOM0000159,P000159,1.0,2024-07-01,,97.87,RT-587,active
BOM0000160,P000160,1.1,2024-04-01,,98.19,RT-774,active
BOM0000161,P000161,1.1,2024-11-01,,97.17,RT-315,active
BOM0000162,P000162,1.0,2024-12-01,,99.52,RT-751,active
BOM0000163,P000163,2.0,2024-10-01,,98.17,RT-927,active
BOM0000164,P000164,1.0,2024-02-01,,96.66,RT-609,active
BOM0000165,P000165,1.1,2024-03-01,,96.51,RT-735,active
BOM0000166,P000166,1.0,2024-03-01,,99.42,RT-922,active
BOM0000167,P000167,1.0,2024-11-01,,95.17,RT-575,active
BOM0000168,P000168,1.0,2024-04-01,,96.36,RT-595,active
BOM0000169,P000169,1.0,2024-05-01,,96.88,RT-948,active
BOM0000170,P000170,1.0,2024-12-01,,98.01,RT-484,active
BOM0000171,P000171,1.1,2024-09-01,,97.72,RT-938,active
BOM0000172,P000172,1.1,2024-03-01,,97.49,RT-150,active
BOM0000173,P000173,1.0,2024-06-01,,98.02,RT-243,active
BOM0000174,P000174,2.0,2024-07-01,,97.54,RT-393,active
BOM0000175,P000175,1.0,2024-10-01,,94.38,RT-457,active
BOM0000176,P000176,1.1,2024-07-01,,99.9,RT-376,active
BOM0000177,P000177,1.0,2024-02-01,,97.65,RT-700,active
BOM0000178,P000178,1.1,2024-03-01,,94.6,RT-809,active
BOM0000179,P000179,1.0,2024-06-01,,97.9,RT-473,active
BOM0000180,P000180,1.0,2024-04-01,,98.97,RT-129,active
BOM0000181,P000181,2.0,2024-08-01,,97.0,RT-577,active
BOM0000182,P000182,2.0,2024-12-01,,98.27,RT-278,active
BOM0000183,P000183,1.1,2024-01-01,,96.28,RT-317,active
BOM0000184,P000184,1.1,2024-02-01,,94.93,RT-610,active
BOM0000185,P000185,1.1,2024-11-01,,96.94,RT-289,active
BOM0000186,P000186,1.0,2024-01-01,,98.61,RT-639,active
BOM0000187,P000187,1.0,2024-11-01,,98.52,RT-579,active
BOM0000188,P000188,1.0,2024-09-01,,98.13,RT-825,active
BOM0000189,P000189,1.1,2024-02-01,,98.48,RT-627,active
BOM0000190,P000190,1.0,2024-10-01,,96.81,RT-350,active
BOM0000191,P000191,1.0,2024-07-01,,97.18,RT-420,active
BOM0000192,P000192,2.0,2024-02-01,,98.02,RT-230,active
BOM0000193,P000193,2.0,2024-03-01,,98.26,RT-399,active
BOM0000194,P000194,1.1,2024-12-01,,98.79,RT-902,active
BOM0000195,P000195,1.0,2024-05-01,,96.79,RT-746,active
BOM0000196,P000196,1.1,2024-12-01,,95.83,RT-652,active
BOM0000197,P000197,1.0,2024-05-01,,95.57,RT-747,active
BOM0000198,P000198,1.1,2024-08-01,,96.34,RT-284,active
BOM0000199,P000199,1.0,2024-11-01,,98.11,RT-405,active
BOM0000200,P000200,1.0,2024-08-01,,93.88,RT-940,active
BOM0000201,P000201,2.0,2024-10-01,,98.9,RT-661,active
BOM0000202,P000202,1.1,2024-03-01,,97.76,RT-107,active
BOM0000203,P000203,1.0,2024-09-01,,94.65,RT-586,active
BOM0000204,P000204,1.1,2024-02-01,,97.28,RT-628,active
BOM0000205,P000205,2.0,2024-05-01,,96.18,RT-634,active
BOM0000206,P000206,1.1,2024-07-01,,95.53,RT-564,active
BOM0000207,P000207,1.1,2024-06-01,,95.14,RT-650,active
BOM0000208,P000208,2.0,2024-04-01,,99.04,RT-970,active
BOM0000209,P000209,1.1,2024-11-01,,97.04,RT-591,active
BOM0000210,P000210,1.1,2024-11-01,,99.5,RT-786,active
BOM0000211,P000211,1.0,2024-08-01,,98.2,RT-379,active
BOM0000212,P000212,1.1,2024-08-01,,98.94,RT-628,active
BOM0000213,P000213,1.0,2024-05-01,,99.14,RT-463,active
BOM0000214,P000214,1.0,2024-06-01,,97.35,RT-664,active
BOM0000215,P000215,2.0,2024-05-01,,98.98,RT-903,active
BOM0000216,P000216,1.0,2024-01-01,,97.02,RT-638,active
BOM0000217,P000217,1.0,2024-12-01,,95.1,RT-604,active
BOM0000218,P000218,1.0,2024-04-01,,96.41,RT-943,active
BOM0000219,P000219,1.1,2024-04-01,,98.25,RT-922,active
BOM0000220,P000220,1.1,2024-04-01,,94.47,RT-437,active
BOM0000221,P000221,2.0,2024-01-01,,98.75,RT-444,active
BOM0000222,P000222,2.0,2024-07-01,,98.63,RT-596,active
BOM0000223,P000223,2.0,2024-08-01,,98.53,RT-790,active
BOM0000224,P000224,1.1,2024-03-01,,98.89,RT-534,active
BOM0000225,P000225,1.0,2024-11-01,,99.61,RT-606,active
BOM0000226,P000226,1.1,2024-10-01,,99.9,RT-590,active
BOM0000227,P000227,2.0,2024-04-01,,96.83,RT-110,active
BOM0000228,P000228,1.1,2024-01-01,,96.53,RT-489,active
BOM0000229,P000229,1.1,2024-02-01,,95.93,RT-318,active
BOM0000230,P000230,1.1,2024-05-01,,96.59,RT-367,active
BOM0000231,P000231,1.1,2024-05-01,,95.25,RT-619,active
BOM0000232,P000232,1.1,2024-06-01,,94.25,RT-454,active
BOM0000233,P000233,1.0,2024-09-01,,95.86,RT-102,active
BOM0000234,P000234,1.0,2024-06-01,,97.81,RT-444,active
BOM0000235,P000235,2.0,2024-04-01,,96.71,RT-778,active
BOM0000236,P000236,2.0,2024-07-01,,96.6,RT-779,active
BOM0000237,P000237,2.0,2024-12-01,,96.19,RT-894,active
BOM0000238,P000238,1.0,2024-04-01,,95.39,RT-564,active
BOM0000239,P000239,1.0,2024-04-01,,97.89,RT-683,active
BOM0000240,P000240,1.0,2024-05-01,,96.12,RT-976,active
BOM0000241,P000241,1.0,2024-04-01,,98.01,RT-508,active
BOM0000242,P000242,1.0,2024-09-01,,99.9,RT-664,active
BOM0000243,P000243,2.0,2024-08-01,,95.09,RT-488,active
BOM0000244,P000244,1.1,2024-11-01,,99.21,RT-596,active
BOM0000245,P000245,1.0,2024-09-01,,97.22,RT-415,active
BOM0000246,P000246,1.0,2024-08-01,,98.37,RT-520,active
BOM0000247,P000247,1.1,2024-10-01,,94.62,RT-801,active
BOM0000248,P000248,1.0,2024-12-01,,99.9,RT-686,active
BOM0000249,P000249,1.1,2024-04-01,,97.18,RT-201,active
BOM0000250,P000250,2.0,2024-06-01,,98.25,RT-213,active
BOM0000251,P000251,1.1,2024-02-01,,91.51,RT-259,active
BOM0000252,P000252,1.0,2024-11-01,,99.18,RT-290,active
BOM0000253,P000253,1.1,2024-01-01,,97.39,RT-469,active
BOM0000254,P000254,1.0,2024-04-01,,97.45,RT-302,active
BOM0000255,P000255,1.0,2024-10-01,,96.12,RT-355,active
BOM0000256,P000256,1.0,2024-10-01,,95.99,RT-819,active
BOM0000257,P000257,2.0,2024-09-01,,95.22,RT-775,active
BOM0000258,P000258,1.0,2024-07-01,,96.62,RT-399,active
BOM0000259,P000259,1.0,2024-10-01,,93.87,RT-398,active
BOM0000260,P000260,2.0,2024-11-01,,96.02,RT-626,active
BOM0000261,P000261,1.1,2024-11-01,,96.58,RT-545,active
BOM0000262,P000262,1.1,2024-10-01,,97.07,RT-874,active
BOM0000263,P000263,1.1,2024-02-01,,97.14,RT-600,active
BOM0000264,P000264,2.0,2024-09-01,,95.89,RT-162,active
BOM0000265,P000265,1.0,2024-01-01,,94.83,RT-316,active
BOM0000266,P000266,2.0,2024-07-01,,99.9,RT-358,active
BOM0000267,P000267,1.1,2024-01-01,,95.49,RT-647,active
BOM0000268,P000268,1.0,2024-12-01,,99.9,RT-831,active
BOM0000269,P000269,2.0,2024-08-01,,98.37,RT-844,active
BOM0000270,P000270,1.1,2024-09-01,,96.43,RT-636,active
BOM0000271,P000271,1.1,2024-03-01,,94.42,RT-810,active
BOM0000272,P000272,1.0,2024-10-01,,99.9,RT-218,active
BOM0000273,P000273,1.0,2024-03-01,,97.28,RT-608,active
BOM0000274,P000274,1.0,2024-10-01,,99.41,RT-225,active
BOM0000275,P000275,2.0,2024-01-01,,98.06,RT-945,active
BOM0000276,P000276,1.1,2024-08-01,,95.64,RT-247,active
BOM0000277,P000277,1.1,2024-11-01,,98.92,RT-189,active
BOM0000278,P000278,1.0,2024-10-01,,98.41,RT-544,active
BOM0000279,P000279,1.0,2024-11-01,,98.26,RT-354,active
BOM0000280,P000280,1.1,2024-11-01,,96.73,RT-843,active
BOM0000281,P000281,1.0,2024-09-01,,96.45,RT-570,active
BOM0000282,P000282,1.0,2024-11-01,,99.42,RT-461,active
BOM0000283,P000283,1.0,2024-11-01,,98.2,RT-534,active
BOM0000284,P000284,1.1,2024-08-01,,94.77,RT-218,active
BOM0000285,P000285,1.0,2024-11-01,,93.52,RT-166,active
BOM0000286,P000286,1.1,2024-06-01,,98.38,RT-533,active
BOM0000287,P000287,1.0,2024-08-01,,97.32,RT-369,active
BOM0000288,P000288,1.1,2024-02-01,,94.9,RT-580,active
BOM0000289,P000289,1.1,2024-08-01,,97.47,RT-776,active
BOM0000290,P000290,2.0,2024-05-01,,95.76,RT-634,active
BOM0000291,P000291,1.0,2024-09-01,,95.3,RT-974,active
BOM0000292,P000292,1.1,2024-10-01,,97.6,RT-603,active
BOM0000293,P000293,1.0,2024-06-01,,96.01,RT-269,active
BOM0000294,P000294,1.0,2024-03-01,,98.4,RT-895,active
BOM0000295,P000295,2.0,2024-11-01,,96.45,RT-954,active
BOM0000296,P000296,1.0,2024-07-01,,97.32,RT-134,active
BOM0000297,P000297,1.1,2024-06-01,,99.9,RT-208,active
BOM0000298,P000298,1.0,2024-02-01,,95.99,RT-727,active
BOM0000299,P000299,1.0,2024-02-01,,99.61,RT-944,active
BOM0000300,P000300,1.0,2024-12-01,,97.96,RT-424,active
BOM0000301,P000301,2.0,2024-02-01,,95.42,RT-676,active
BOM0000302,P000302,1.1,2024-05-01,,96.96,RT-489,active
BOM0000303,P000303,2.0,2024-08-01,,93.37,RT-231,active
BOM0000304,P000304,1.0,2024-05-01,,96.79,RT-862,active
BOM0000305,P000305,2.0,2024-03-01,,98.81,RT-914,active
BOM0000306,P000306,1.1,2024-06-01,,95.1,RT-491,active
BOM0000307,P000307,1.0,2024-10-01,,96.99,RT-846,active
BOM0000308,P000308,1.0,2024-10-01,,95.54,RT-806,active
BOM0000309,P000309,1.1,2024-02-01,,98.23,RT-598,active
BOM0000310,P000310,1.0,2024-12-01,,99.1,RT-292,active
BOM0000311,P000311,2.0,2024-04-01,,94.85,RT-175,active
BOM0000312,P000312,1.1,2024-06-01,,99.9,RT-937,active
BOM0000313,P000313,1.0,2024-11-01,,96.34,RT-192,active
BOM0000314,P000314,1.1,2024-12-01,,98.5,RT-535,active
BOM0000315,P000315,1.0,2024-12-01,,99.9,RT-424,active
BOM0000316,P000316,1.0,2024-06-01,,97.23,RT-242,active
BOM0000317,P000317,1.0,2024-08-01,,97.42,RT-695,active
BOM0000318,P000318,1.1,2024-05-01,,96.56,RT-839,active
BOM0000319,P000319,2.0,2024-02-01,,98.82,RT-917,active
BOM0000320,P000320,1.0,2024-09-01,,93.84,RT-781,active
BOM0000321,P000321,1.1,2024-09-01,,99.08,RT-243,active
BOM0000322,P000322,1.0,2024-08-01,,98.94,RT-930,active
BOM0000323,P000323,1.1,2024-03-01,,99.15,RT-676,active
BOM0000324,P000324,2.0,2024-08-01,,95.1,RT-957,active
BOM0000325,P000325,1.0,2024-10-01,,96.68,RT-902,active
BOM0000326,P000326,1.1,2024-06-01,,94.2,RT-994,active
BOM0000327,P000327,1.0,2024-05-01,,98.44,RT-474,active
BOM0000328,P000328,1.0,2024-07-01,,96.41,RT-391,active
BOM0000329,P000329,1.0,2024-04-01,,96.97,RT-726,active
BOM0000330,P000330,1.0,2024-10-01,,93.44,RT-558,active
BOM0000331,P000331,1.0,2024-06-01,,95.79,RT-339,active
BOM0000332,P000332,1.1,2024-09-01,,95.49,RT-755,active
BOM0000333,P000333,1.0,2024-04-01,,97.8,RT-764,active
BOM0000334,P000334,1.0,2024-11-01,,96.21,RT-193,active
BOM0000335,P000335,1.0,2024-08-01,,96.39,RT-238,active
BOM0000336,P000336,1.0,2024-07-01,,92.59,RT-794,active
BOM0000337,P000337,1.0,2024-05-01,,97.05,RT-303,active
BOM0000338,P000338,1.1,2024-11-01,,95.69,RT-925,active
BOM0000339,P000339,1.0,2024-07-01,,98.15,RT-281,active
BOM0000340,P000340,2.0,2024-07-01,,95.58,RT-524,active
BOM0000341,P000341,1.1,2024-08-01,,98.07,RT-613,active
BOM0000342,P000342,1.0,2024-02-01,,98.44,RT-438,active
BOM0000343,P000343,1.0,2024-01-01,,99.73,RT-142,active
BOM0000344,P000344,1.0,2024-03-01,,96.79,RT-695,active
BOM0000345,P000345,1.1,2024-11-01,,97.7,RT-191,active
BOM0000346,P000346,1.1,2024-01-01,,96.75,RT-580,active
BOM0000347,P000347,1.0,2024-01-01,,97.09,RT-769,active
BOM0000348,P000348,1.1,2024-01-01,,96.84,RT-286,active
BOM0000349,P000349,1.0,2024-11-01,,93.91,RT-910,active
BOM0000350,P000350,1.0,2024-05-01,,96.05,RT-986,active
BOM0000351,P000351,1.0,2024-05-01,,97.15,RT-886,active
BOM0000352,P000352,1.1,2024-09-01,,97.69,RT-866,active
BOM0000353,P000353,1.0,2024-09-01,,98.35,RT-744,active
BOM0000354,P000354,1.1,2024-07-01,,96.22,RT-879,active
BOM0000355,P000355,1.0,2024-06-01,,96.17,RT-457,active
BOM0000356,P000356,2.0,2024-01-01,,99.01,RT-654,active
BOM0000357,P000357,1.0,2024-11-01,,98.45,RT-293,active
BOM0000358,P000358,2.0,2024-04-01,,99.9,RT-971,active
BOM0000359,P000359,2.0,2024-03-01,,98.04,RT-290,active
BOM0000360,P000360,1.0,2024-11-01,,97.61,RT-138,active
BOM0000361,P000361,1.0,2024-06-01,,99.9,RT-973,active
BOM0000362,P000362,2.0,2024-01-01,,97.45,RT-517,active
BOM0000363,P000363,1.0,2024-03-01,,96.19,RT-222,active
BOM0000364,P000364,1.1,2024-03-01,,99.3,RT-787,active
BOM0000365,P000365,1.1,2024-06-01,,96.8,RT-466,active
BOM0000366,P000366,1.0,2024-03-01,,95.44,RT-793,active
BOM0000367,P000367,1.1,2024-03-01,,98.41,RT-248,active
BOM0000368,P000368,2.0,2024-01-01,,97.57,RT-579,active
BOM0000369,P000369,1.0,2024-07-01,,98.69,RT-540,active
BOM0000370,P000370,2.0,2024-08-01,,98.04,RT-708,active
BOM0000371,P000371,1.1,2024-06-01,,97.39,RT-989,active
BOM0000372,P000372,1.1,2024-03-01,,95.02,RT-610,active
BOM0000373,P000373,2.0,2024-01-01,,95.44,RT-652,active
BOM0000374,P000374,2.0,2024-07-01,,98.01,RT-520,active
BOM0000375,P000375,1.1,2024-11-01,,96.64,RT-540,active
BOM0000376,P000376,1.1,2024-08-01,,92.77,RT-765,active
BOM0000377,P000377,1.1,2024-12-01,,94.04,RT-448,active
BOM0000378,P000378,1.0,2024-09-01,,94.26,RT-547,active
BOM0000379,P000379,1.1,2024-03-01,,97.3,RT-922,active
BOM0000380,P000380,2.0,2024-01-01,,95.76,RT-954,active
BOM0000381,P000381,1.1,2024-11-01,,99.46,RT-193,active
BOM0000382,P000382,1.0,2024-11-01,,95.52,RT-345,active
BOM0000383,P000383,1.0,2024-12-01,,96.2,RT-699,active
BOM0000384,P000384,1.1,2024-02-01,,97.39,RT-842,active
BOM0000385,P000385,1.0,2024-12-01,,96.6,RT-185,active
BOM0000386,P000386,2.0,2024-11-01,,99.34,RT-928,active
BOM0000387,P000387,1.0,2024-05-01,,96.63,RT-448,active
BOM0000388,P000388,2.0,2024-06-01,,95.14,RT-900,active
BOM0000389,P000389,1.0,2024-10-01,,99.75,RT-266,active
BOM0000390,P000390,1.1,2024-08-01,,94.18,RT-862,active
BOM0000391,P000391,1.1,2024-02-01,,95.97,RT-386,active
BOM0000392,P000392,1.1,2024-12-01,,98.23,RT-135,active
BOM0000393,P000393,1.0,2024-07-01,,95.41,RT-661,active
BOM0000394,P000394,1.1,2024-12-01,,99.9,RT-785,active
BOM0000395,P000395,1.0,2024-09-01,,97.25,RT-322,active
BOM0000396,P000396,2.0,2024-03-01,,96.39,RT-440,active
BOM0000397,P000397,1.0,2024-10-01,,98.21,RT-989,active
BOM0000398,P000398,2.0,2024-02-01,,99.51,RT-486,active
BOM0000399,P000399,1.1,2024-10-01,,97.16,RT-768,active
BOM0000400,P000400,1.0,2024-07-01,,96.13,RT-239,active
BOM0000401,P000401,2.0,2024-09-01,,98.78,RT-735,active
BOM0000402,P000402,1.0,2024-07-01,,97.71,RT-192,active
BOM0000403,P000403,2.0,2024-10-01,,97.46,RT-802,active
BOM0000404,P000404,1.0,2024-01-01,,99.22,RT-341,active
BOM0000405,P000405,1.1,2024-05-01,,98.55,RT-446,active
BOM0000406,P000406,1.0,2024-02-01,,93.34,RT-899,active
BOM0000407,P000407,1.0,2024-08-01,,94.0,RT-747,active
BOM0000408,P000408,1.0,2024-12-01,,97.04,RT-153,active
BOM0000409,P000409,1.0,2024-02-01,,97.35,RT-376,active
BOM0000410,P000410,2.0,2024-07-01,,99.07,RT-463,active
BOM0000411,P000411,2.0,2024-05-01,,98.21,RT-859,active
BOM0000412,P000412,1.1,2024-08-01,,95.36,RT-561,active
BOM0000413,P000413,1.0,2024-07-01,,97.64,RT-563,active
BOM0000414,P000414,1.0,2024-02-01,,99.9,RT-305,active
BOM0000415,P000415,1.0,2024-07-01,,97.51,RT-406,active
BOM0000416,P000416,2.0,2024-12-01,,96.41,RT-238,active
BOM0000417,P000417,1.0,2024-05-01,,99.84,RT-704,active
BOM0000418,P000418,1.1,2024-07-01,,93.24,RT-496,active
BOM0000419,P000419,1.1,2024-11-01,,97.55,RT-329,active
BOM0000420,P000420,1.1,2024-09-01,,99.07,RT-751,active
BOM0000421,P000421,2.0,2024-04-01,,99.66,RT-120,active
BOM0000422,P000422,1.0,2024-08-01,,99.9,RT-306,active
BOM0000423,P000423,1.0,2024-07-01,,96.11,RT-200,active
BOM0000424,P000424,1.1,2024-10-01,,96.85,RT-672,active
BOM0000425,P000425,1.0,2024-03-01,,95.83,RT-925,active
BOM0000426,P000426,1.0,2024-04-01,,96.73,RT-453,active
BOM0000427,P000427,2.0,2024-08-01,,97.32,RT-295,active
BOM0000428,P000428,1.0,2024-02-01,,98.44,RT-871,active
BOM0000429,P000429,1.1,2024-06-01,,97.96,RT-190,active
BOM0000430,P000430,1.1,2024-03-01,,94.01,RT-356,active
BOM0000431,P000431,1.1,2024-10-01,,99.27,RT-856,active
BOM0000432,P000432,1.1,2024-08-01,,98.79,RT-723,active
BOM0000433,P000433,1.0,2024-10-01,,96.92,RT-569,active
BOM0000434,P000434,1.1,2024-07-01,,99.29,RT-933,active
BOM0000435,P000435,2.0,2024-04-01,,98.08,RT-716,active
BOM0000436,P000436,2.0,2024-09-01,,97.46,RT-124,active
BOM0000437,P000437,1.0,2024-10-01,,98.76,RT-661,active
BOM0000438,P000438,1.0,2024-11-01,,96.81,RT-956,active
BOM0000439,P000439,2.0,2024-05-01,,96.13,RT-462,active
BOM0000440,P000440,1.0,2024-09-01,,95.39,RT-711,active
BOM0000441,P000441,1.1,2024-10-01,,96.97,RT-493,active
BOM0000442,P000442,1.1,2024-03-01,,94.76,RT-231,active
BOM0000443,P000443,1.0,2024-10-01,,99.63,RT-171,active
BOM0000444,P000444,1.1,2024-08-01,,93.17,RT-794,active
BOM0000445,P000445,2.0,2024-04-01,,95.63,RT-703,active
BOM0000446,P000446,1.0,2024-01-01,,96.87,RT-920,active
BOM0000447,P000447,1.0,2024-11-01,,98.01,RT-281,active
BOM0000448,P000448,1.1,2024-07-01,,97.56,RT-680,active
BOM0000449,P000449,1.0,2024-12-01,,99.9,RT-697,active
BOM0000450,P000450,1.0,2024-03-01,,99.9,RT-257,active
BOM0000451,P000451,1.1,2024-04-01,,95.55,RT-878,active
BOM0000452,P000452,1.1,2024-06-01,,94.69,RT-314,active
BOM0000453,P000453,1.0,2024-04-01,,99.35,RT-962,active
BOM0000454,P000454,1.1,2024-03-01,,99.9,RT-793,active
BOM0000455,P000455,1.0,2024-07-01,,98.24,RT-746,active
BOM0000456,P000456,2.0,2024-07-01,,96.61,RT-383,active
BOM0000457,P000457,1.1,2024-10-01,,96.99,RT-388,active
BOM0000458,P000458,1.0,2024-12-01,,98.08,RT-818,active
BOM0000459,P000459,1.0,2024-12-01,,96.17,RT-594,active
BOM0000460,P000460,1.0,2024-09-01,,95.4,RT-139,active
BOM0000461,P000461,1.1,2024-07-01,,99.9,RT-508,active
BOM0000462,P000462,1.0,2024-09-01,,98.97,RT-524,active
BOM0000463,P000463,1.0,2024-07-01,,95.44,RT-634,active
BOM0000464,P000464,2.0,2024-08-01,,92.67,RT-446,active
BOM0000465,P000465,1.0,2024-02-01,,99.9,RT-324,active
BOM0000466,P000466,2.0,2024-05-01,,98.15,RT-635,active
BOM0000467,P000467,2.0,2024-01-01,,95.72,RT-378,active
BOM0000468,P000468,1.0,2024-04-01,,99.9,RT-488,active
BOM0000469,P000469,1.1,2024-04-01,,97.52,RT-151,active
BOM0000470,P000470,1.1,2024-01-01,,98.12,RT-959,active
BOM0000471,P000471,2.0,2024-07-01,,94.89,RT-217,active
BOM0000472,P000472,1.0,2024-03-01,,96.54,RT-891,active
BOM0000473,P000473,1.1,2024-05-01,,96.56,RT-785,active
BOM0000474,P000474,1.0,2024-09-01,,97.43,RT-957,active
BOM0000475,P000475,1.0,2024-01-01,,96.26,RT-154,active
BOM0000476,P000476,2.0,2024-04-01,,97.87,RT-272,active
BOM0000477,P000477,1.1,2024-03-01,,93.0,RT-862,active
BOM0000478,P000478,1.0,2024-04-01,,99.9,RT-666,active
BOM0000479,P000479,1.0,2024-12-01,,98.36,RT-377,active
BOM0000480,P000480,2.0,2024-08-01,,93.16,RT-404,active
BOM0000481,P000481,1.1,2024-01-01,,99.41,RT-691,active
BOM0000482,P000482,1.1,2024-09-01,,99.0,RT-845,active
BOM0000483,P000483,1.0,2024-12-01,,95.72,RT-983,active
BOM0000484,P000484,1.0,2024-11-01,,97.21,RT-156,active
BOM0000485,P000485,2.0,2024-08-01,,98.49,RT-608,active
BOM0000486,P000486,1.1,2024-10-01,,97.99,RT-422,active
BOM0000487,P000487,1.0,2024-07-01,,94.93,RT-180,active
BOM0000488,P000488,2.0,2024-06-01,,97.99,RT-455,active
BOM0000489,P000489,1.0,2024-02-01,,96.97,RT-698,active
BOM0000490,P000490,1.0,2024-01-01,,98.71,RT-257,active
BOM0000491,P000491,1.0,2024-06-01,,95.98,RT-288,active
BOM0000492,P000492,1.0,2024-11-01,,96.07,RT-423,active
BOM0000493,P000493,1.0,2024-03-01,,96.79,RT-943,active
BOM0000494,P000494,2.0,2024-02-01,,99.9,RT-780,active
BOM0000495,P000495,1.0,2024-02-01,,95.61,RT-527,active
BOM0000496,P000496,1.0,2024-07-01,,97.86,RT-277,active
BOM0000497,P000497,1.1,2024-10-01,,98.96,RT-380,active
BOM0000498,P000498,1.1,2024-11-01,,97.77,RT-776,active
BOM0000499,P000499,1.0,2024-01-01,,95.22,RT-568,active
BOM0000500,P000500,1.0,2024-10-01,,96.95,RT-743,active
BOM0000501,P000501,2.0,2024-01-01,,96.42,RT-876,active
BOM0000502,P000502,1.0,2024-08-01,,99.9,RT-722,active
BOM0000503,P000503,1.0,2024-11-01,,96.46,RT-508,active
BOM0000504,P000504,1.1,2024-10-01,,99.9,RT-730,active
BOM0000505,P000505,2.0,2024-03-01,,95.34,RT-803,active
BOM0000506,P000506,1.1,2024-09-01,,93.9,RT-176,active
BOM0000507,P000507,1.1,2024-11-01,,93.92,RT-123,active
BOM0000508,P000508,1.1,2024-04-01,,96.29,RT-906,active
BOM0000509,P000509,1.1,2024-04-01,,98.03,RT-601,active
BOM0000510,P000510,1.0,2024-07-01,,98.15,RT-794,active
BOM0000511,P000511,1.0,2024-01-01,,93.94,RT-861,active
BOM0000512,P000512,2.0,2024-10-01,,97.82,RT-591,active
BOM0000513,P000513,1.1,2024-03-01,,94.52,RT-746,active
BOM0000514,P000514,2.0,2024-09-01,,97.43,RT-181,active
BOM0000515,P000515,1.0,2024-01-01,,96.54,RT-570,active
BOM0000516,P000516,1.0,2024-10-01,,99.9,RT-771,active
BOM0000517,P000517,2.0,2024-04-01,,97.33,RT-948,active
BOM0000518,P000518,1.0,2024-03-01,,99.9,RT-411,active
BOM0000519,P000519,1.1,2024-09-01,,97.1,RT-408,active
BOM0000520,P000520,1.0,2024-08-01,,97.18,RT-994,active
BOM0000521,P000521,1.0,2024-10-01,,97.11,RT-550,active
BOM0000522,P000522,1.0,2024-12-01,,97.06,RT-789,active
BOM0000523,P000523,1.0,2024-11-01,,99.9,RT-916,active
BOM0000524,P000524,1.0,2024-06-01,,96.16,RT-477,active
BOM0000525,P000525,1.0,2024-07-01,,96.67,RT-321,active
BOM0000526,P000526,2.0,2024-05-01,,98.31,RT-507,active
BOM0000527,P000527,1.0,2024-01-01,,95.66,RT-450,active
BOM0000528,P000528,2.0,2024-08-01,,96.32,RT-564,active
BOM0000529,P000529,2.0,2024-04-01,,98.54,RT-428,active
BOM0000530,P000530,1.0,2024-11-01,,97.71,RT-380,active
BOM0000531,P000531,1.0,2024-05-01,,99.06,RT-921,active
BOM0000532,P000532,1.1,2024-11-01,,98.42,RT-416,active
BOM0000533,P000533,1.0,2024-03-01,,96.24,RT-751,active
BOM0000534,P000534,1.1,2024-05-01,,99.76,RT-275,active
BOM0000535,P000535,1.1,2024-10-01,,98.93,RT-556,active
BOM0000536,P000536,1.0,2024-12-01,,98.59,RT-952,active
BOM0000537,P000537,1.0,2024-11-01,,96.43,RT-166,active
BOM0000538,P000538,1.0,2024-12-01,,95.68,RT-209,active
BOM0000539,P000539,2.0,2024-04-01,,99.9,RT-250,active
BOM0000540,P000540,1.0,2024-04-01,,97.95,RT-394,active
BOM0000541,P000541,1.1,2024-09-01,,95.51,RT-231,active
BOM0000542,P000542,1.0,2024-06-01,,99.09,RT-926,active
BOM0000543,P000543,1.0,2024-02-01,,93.29,RT-574,active
BOM0000544,P000544,1.1,2024-10-01,,96.14,RT-390,active
BOM0000545,P000545,1.0,2024-06-01,,96.25,RT-930,active
BOM0000546,P000546,1.1,2024-08-01,,99.12,RT-868,active
BOM0000547,P000547,1.1,2024-03-01,,98.15,RT-766,active
BOM0000548,P000548,1.0,2024-10-01,,96.64,RT-922,active
BOM0000549,P000549,1.0,2024-02-01,,94.35,RT-364,active
BOM0000550,P000550,1.0,2024-03-01,,95.9,RT-140,active
BOM0000551,P000551,1.1,2024-02-01,,95.78,RT-147,active
BOM0000552,P000552,1.0,2024-01-01,,94.28,RT-177,active
BOM0000553,P000553,1.0,2024-10-01,,93.67,RT-406,active
BOM0000554,P000554,1.1,2024-09-01,,99.9,RT-520,active
BOM0000555,P000555,1.0,2024-12-01,,95.29,RT-238,active
BOM0000556,P000556,1.1,2024-01-01,,97.25,RT-828,active
BOM0000557,P000557,1.0,2024-10-01,,99.9,RT-186,active
BOM0000558,P000558,1.0,2024-12-01,,99.9,RT-706,active
BOM0000559,P000559,1.0,2024-07-01,,96.75,RT-964,active
BOM0000560,P000560,1.0,2024-02-01,,97.92,RT-672,active
BOM0000561,P000561,1.0,2024-10-01,,94.67,RT-816,active
BOM0000562,P000562,1.1,2024-08-01,,95.06,RT-948,active
BOM0000563,P000563,1.0,2024-10-01,,95.53,RT-391,active
BOM0000564,P000564,1.0,2024-07-01,,97.87,RT-685,active
BOM0000565,P000565,1.0,2024-09-01,,96.24,RT-741,active
BOM0000566,P000566,1.0,2024-07-01,,98.05,RT-194,active
BOM0000567,P000567,1.0,2024-03-01,,99.9,RT-485,active
BOM0000568,P000568,1.0,2024-02-01,,96.86,RT-849,active
BOM0000569,P000569,1.0,2024-03-01,,95.75,RT-589,active
BOM0000570,P000570,1.0,2024-09-01,,96.88,RT-656,active
BOM0000571,P000571,2.0,2024-11-01,,96.97,RT-992,active
BOM0000572,P000572,1.1,2024-07-01,,98.05,RT-211,active
BOM0000573,P000573,1.0,2024-06-01,,93.76,RT-585,active
BOM0000574,P000574,2.0,2024-02-01,,95.85,RT-940,active
BOM0000575,P000575,1.1,2024-04-01,,96.81,RT-290,active
BOM0000576,P000576,1.1,2024-09-01,,97.92,RT-905,active
BOM0000577,P000577,1.1,2024-02-01,,98.29,RT-479,active
BOM0000578,P000578,1.1,2024-04-01,,97.86,RT-100,active
BOM0000579,P000579,1.0,2024-09-01,,98.29,RT-396,active
BOM0000580,P000580,1.0,2024-11-01,,96.54,RT-820,active
BOM0000581,P000581,1.0,2024-08-01,,97.83,RT-462,active
BOM0000582,P000582,2.0,2024-03-01,,96.94,RT-756,active
BOM0000583,P000583,1.0,2024-08-01,,96.12,RT-860,active
BOM0000584,P000584,1.1,2024-06-01,,99.63,RT-161,active
BOM0000585,P000585,1.0,2024-03-01,,99.9,RT-364,active
BOM0000586,P000586,2.0,2024-06-01,,99.85,RT-132,active
BOM0000587,P000587,1.0,2024-08-01,,94.17,RT-769,active
BOM0000588,P000588,1.1,2024-11-01,,94.37,RT-435,active
BOM0000589,P000589,1.0,2024-05-01,,95.3,RT-297,active
BOM0000590,P000590,1.1,2024-06-01,,95.53,RT-345,active
BOM0000591,P000591,1.0,2024-12-01,,95.86,RT-999,active
BOM0000592,P000592,1.1,2024-12-01,,97.25,RT-606,active
BOM0000593,P000593,1.0,2024-01-01,,98.27,RT-672,active
BOM0000594,P000594,1.0,2024-02-01,,95.84,RT-252,active
BOM0000595,P000595,1.1,2024-08-01,,95.71,RT-271,active
BOM0000596,P000596,2.0,2024-04-01,,99.49,RT-647,active
BOM0000597,P000597,1.1,2024-07-01,,97.38,RT-835,active
BOM0000598,P000598,1.1,2024-11-01,,97.03,RT-774,active
BOM0000599,P000599,1.1,2024-11-01,,96.97,RT-672,active
BOM0000600,P000600,1.0,2024-12-01,,94.83,RT-258,active
BOM0000601,P000601,1.0,2024-09-01,,95.52,RT-227,active
BOM0000602,P000602,2.0,2024-07-01,,97.54,RT-260,active
BOM0000603,P000603,1.1,2024-04-01,,99.16,RT-103,active
BOM0000604,P000604,2.0,2024-04-01,,99.9,RT-433,active
BOM0000605,P000605,1.0,2024-06-01,,97.1,RT-993,active
BOM0000606,P000606,1.0,2024-11-01,,98.87,RT-618,active
BOM0000607,P000607,1.0,2024-07-01,,98.94,RT-555,active
BOM0000608,P000608,1.1,2024-08-01,,97.31,RT-928,active
BOM0000609,P000609,1.0,2024-07-01,,98.84,RT-237,active
BOM0000610,P000610,1.1,2024-01-01,,98.15,RT-407,active
BOM0000611,P000611,1.1,2024-03-01,,96.8,RT-781,active
BOM0000612,P000612,1.0,2024-06-01,,97.8,RT-188,active
BOM0000613,P000613,1.1,2024-10-01,,97.66,RT-548,active
BOM0000614,P000614,2.0,2024-02-01,,92.76,RT-591,active
BOM0000615,P000615,1.0,2024-12-01,,96.44,RT-942,active
BOM0000616,P000616,2.0,2024-11-01,,95.9,RT-810,active
BOM0000617,P000617,1.1,2024-11-01,,96.07,RT-534,active
BOM0000618,P000618,1.0,2024-09-01,,98.01,RT-730,active
BOM0000619,P000619,1.0,2024-09-01,,99.42,RT-397,active
BOM0000620,P000620,1.0,2024-06-01,,97.99,RT-859,active
BOM0000621,P000621,1.1,2024-10-01,,97.87,RT-597,active
BOM0000622,P000622,1.0,2024-06-01,,96.46,RT-959,active
BOM0000623,P000623,1.0,2024-01-01,,96.35,RT-306,active
BOM0000624,P000624,1.1,2024-04-01,,96.16,RT-435,active
BOM0000625,P000625,2.0,2024-09-01,,97.52,RT-679,active
BOM0000626,P000626,1.1,2024-02-01,,96.04,RT-982,active
BOM0000627,P000627,1.0,2024-03-01,,96.43,RT-977,active
BOM0000628,P000628,1.1,2024-01-01,,97.97,RT-509,active
BOM0000629,P000629,1.1,2024-07-01,,99.9,RT-935,active
BOM0000630,P000630,2.0,2024-03-01,,96.56,RT-768,active
BOM0000631,P000631,1.0,2024-08-01,,97.3,RT-586,active
BOM0000632,P000632,1.0,2024-08-01,,98.62,RT-390,active
BOM0000633,P000633,1.0,2024-12-01,,97.6,RT-107,active
BOM0000634,P000634,1.0,2024-04-01,,97.96,RT-362,active
BOM0000635,P000635,2.0,2024-12-01,,96.86,RT-806,active
BOM0000636,P000636,2.0,2024-11-01,,94.19,RT-489,active
BOM0000637,P000637,1.0,2024-02-01,,97.53,RT-595,active
BOM0000638,P000638,1.0,2024-03-01,,97.88,RT-730,active
BOM0000639,P000639,1.0,2024-08-01,,96.15,RT-466,active
BOM0000640,P000640,1.0,2024-07-01,,97.62,RT-634,active
BOM0000641,P000641,1.0,2024-12-01,,94.58,RT-699,active
BOM0000642,P000642,1.1,2024-01-01,,98.17,RT-842,active
BOM0000643,P000643,1.0,2024-03-01,,97.87,RT-629,active
BOM0000644,P000644,2.0,2024-11-01,,95.56,RT-771,active
BOM0000645,P000645,1.0,2024-03-01,,94.43,RT-621,active
BOM0000646,P000646,1.0,2024-06-01,,99.31,RT-574,active
BOM0000647,P000647,1.1,2024-03-01,,95.65,RT-720,active
BOM0000648,P000648,1.1,2024-09-01,,98.57,RT-465,active
BOM0000649,P000649,1.0,2024-06-01,,93.46,RT-726,active
BOM0000650,P000650,1.0,2024-05-01,,95.34,RT-589,active
BOM0000651,P000651,1.0,2024-02-01,,97.07,RT-141,active
BOM0000652,P000652,1.0,2024-01-01,,97.67,RT-437,active
BOM0000653,P000653,2.0,2024-12-01,,99.9,RT-486,active
BOM0000654,P000654,1.0,2024-10-01,,97.55,RT-435,active
BOM0000655,P000655,1.1,2024-12-01,,96.49,RT-641,active
BOM0000656,P000656,1.0,2024-08-01,,94.86,RT-272,active
BOM0000657,P000657,2.0,2024-10-01,,96.56,RT-818,active
BOM0000658,P000658,2.0,2024-10-01,,99.23,RT-581,active
BOM0000659,P000659,1.1,2024-10-01,,94.82,RT-901,active
BOM0000660,P000660,2.0,2024-10-01,,93.81,RT-944,active
BOM0000661,P000661,2.0,2024-12-01,,97.0,RT-821,active
BOM0000662,P000662,1.1,2024-10-01,,95.2,RT-279,active
BOM0000663,P000663,1.1,2024-02-01,,99.9,RT-396,active
BOM0000664,P000664,1.1,2024-11-01,,99.78,RT-463,active
BOM0000665,P000665,2.0,2024-09-01,,97.09,RT-507,active
BOM0000666,P000666,1.0,2024-02-01,,95.95,RT-962,active
BOM0000667,P000667,2.0,2024-09-01,,96.08,RT-281,active
BOM0000668,P000668,1.1,2024-04-01,,94.86,RT-715,active
BOM0000669,P000669,1.0,2024-03-01,,95.62,RT-501,active
BOM0000670,P000670,2.0,2024-08-01,,96.28,RT-402,active
BOM0000671,P000671,1.0,2024-04-01,,97.62,RT-143,active
BOM0000672,P000672,1.1,2024-11-01,,94.52,RT-840,active
BOM0000673,P000673,1.0,2024-01-01,,98.71,RT-836,active
BOM0000674,P000674,1.0,2024-12-01,,96.15,RT-509,active
BOM0000675,P000675,1.1,2024-01-01,,94.05,RT-999,active
BOM0000676,P000676,1.1,2024-05-01,,97.84,RT-465,active
BOM0000677,P000677,1.1,2024-07-01,,97.28,RT-197,active
BOM0000678,P000678,1.1,2024-01-01,,94.81,RT-450,active
BOM0000679,P000679,1.0,2024-08-01,,97.42,RT-922,active
BOM0000680,P000680,1.0,2024-08-01,,96.78,RT-366,active
BOM0000681,P000681,1.0,2024-07-01,,97.24,RT-649,active
BOM0000682,P000682,1.1,2024-08-01,,96.12,RT-397,active
BOM0000683,P000683,2.0,2024-04-01,,99.33,RT-363,active
BOM0000684,P000684,2.0,2024-12-01,,97.06,RT-370,active
BOM0000685,P000685,2.0,2024-09-01,,98.85,RT-857,active
BOM0000686,P000686,1.1,2024-07-01,,98.36,RT-285,active
BOM0000687,P000687,1.0,2024-11-01,,98.55,RT-769,active
BOM0000688,P000688,1.1,2024-04-01,,97.27,RT-697,active
BOM0000689,P000689,1.0,2024-06-01,,96.71,RT-930,active
BOM0000690,P000690,1.0,2024-08-01,,98.72,RT-100,active
BOM0000691,P000691,1.1,2024-06-01,,99.26,RT-935,active
BOM0000692,P000692,1.0,2024-07-01,,94.8,RT-485,active
BOM0000693,P000693,2.0,2024-11-01,,95.84,RT-816,active
BOM0000694,P000694,1.0,2024-05-01,,96.01,RT-326,active
BOM0000695,P000695,1.0,2024-07-01,,95.5,RT-122,active
BOM0000696,P000696,1.1,2024-07-01,,99.9,RT-466,active
BOM0000697,P000697,2.0,2024-06-01,,98.4,RT-760,active
BOM0000698,P000698,1.1,2024-10-01,,99.9,RT-475,active
BOM0000699,P000699,1.1,2024-01-01,,94.31,RT-395,active
BOM0000700,P000700,1.0,2024-10-01,,96.88,RT-701,active
BOM0000701,P000701,2.0,2024-09-01,,94.08,RT-939,active
BOM0000702,P000702,1.0,2024-09-01,,96.46,RT-816,active
BOM0000703,P000703,1.0,2024-12-01,,98.64,RT-509,active
BOM0000704,P000704,1.0,2024-01-01,,99.63,RT-212,active
BOM0000705,P000705,1.0,2024-10-01,,99.9,RT-686,active
BOM0000706,P000706,1.0,2024-01-01,,99.14,RT-863,active
BOM0000707,P000707,2.0,2024-09-01,,94.63,RT-124,active
BOM0000708,P000708,1.1,2024-10-01,,97.72,RT-585,active
BOM0000709,P000709,2.0,2024-04-01,,95.91,RT-384,active
BOM0000710,P000710,1.1,2024-02-01,,98.22,RT-417,active
BOM0000711,P000711,1.0,2024-11-01,,96.38,RT-683,active
BOM0000712,P000712,1.0,2024-11-01,,97.49,RT-354,active
BOM0000713,P000713,1.0,2024-01-01,,98.6,RT-435,active
BOM0000714,P000714,1.0,2024-03-01,,95.32,RT-400,active
BOM0000715,P000715,2.0,2024-07-01,,99.76,RT-676,active
BOM0000716,P000716,1.0,2024-05-01,,96.71,RT-892,active
BOM0000717,P000717,1.1,2024-08-01,,97.95,RT-631,active
BOM0000718,P000718,1.1,2024-06-01,,99.9,RT-646,active
BOM0000719,P000719,1.1,2024-09-01,,96.16,RT-789,active
BOM0000720,P000720,1.0,2024-01-01,,96.97,RT-482,active
BOM0000721,P000721,1.1,2024-06-01,,96.86,RT-370,active
BOM0000722,P000722,1.0,2024-04-01,,99.03,RT-852,active
BOM0000723,P000723,1.0,2024-05-01,,99.9,RT-432,active
BOM0000724,P000724,1.0,2024-06-01,,96.15,RT-257,active
BOM0000725,P000725,1.1,2024-11-01,,98.43,RT-681,active
BOM0000726,P000726,1.0,2024-09-01,,97.76,RT-266,active
BOM0000727,P000727,1.1,2024-06-01,,97.58,RT-351,active
BOM0000728,P000728,1.0,2024-03-01,,96.55,RT-422,active
BOM0000729,P000729,1.1,2024-11-01,,95.24,RT-910,active
BOM0000730,P000730,1.0,2024-08-01,,93.89,RT-562,active
BOM0000731,P000731,1.1,2024-06-01,,98.45,RT-938,active
BOM0000732,P000732,2.0,2024-07-01,,95.75,RT-290,active
BOM0000733,P000733,2.0,2024-12-01,,96.27,RT-188,active
BOM0000734,P000734,1.0,2024-12-01,,93.68,RT-936,active
BOM0000735,P000735,2.0,2024-06-01,,99.34,RT-460,active
BOM0000736,P000736,1.1,2024-04-01,,98.34,RT-653,active
BOM0000737,P000737,1.1,2024-02-01,,98.59,RT-788,active
BOM0000738,P000738,2.0,2024-11-01,,96.5,RT-515,active
BOM0000739,P000739,1.0,2024-07-01,,96.82,RT-422,active
BOM0000740,P000740,1.1,2024-05-01,,99.54,RT-806,active
BOM0000741,P000741,1.0,2024-04-01,,95.32,RT-545,active
BOM0000742,P000742,1.0,2024-09-01,,96.18,RT-524,active
BOM0000743,P000743,1.1,2024-05-01,,98.87,RT-900,active
BOM0000744,P000744,1.0,2024-03-01,,96.53,RT-774,active
BOM0000745,P000745,1.1,2024-10-01,,97.25,RT-900,active
BOM0000746,P000746,1.1,2024-09-01,,99.13,RT-274,active
BOM0000747,P000747,1.1,2024-09-01,,98.12,RT-588,active
BOM0000748,P000748,1.0,2024-06-01,,98.18,RT-110,active
BOM0000749,P000749,2.0,2024-08-01,,95.75,RT-422,active
BOM0000750,P000750,2.0,2024-02-01,,99.9,RT-265,active
BOM0000751,P000751,1.0,2024-12-01,,99.35,RT-815,active
BOM0000752,P000752,1.1,2024-10-01,,95.27,RT-818,active
BOM0000753,P000753,2.0,2024-10-01,,94.82,RT-393,active
BOM0000754,P000754,1.1,2024-11-01,,97.98,RT-718,active
BOM0000755,P000755,1.0,2024-06-01,,95.84,RT-516,active
BOM0000756,P000756,1.0,2024-01-01,,96.78,RT-591,active
BOM0000757,P000757,1.0,2024-12-01,,94.17,RT-529,active
BOM0000758,P000758,1.0,2024-04-01,,96.87,RT-233,active
BOM0000759,P000759,1.0,2024-12-01,,99.9,RT-578,active
BOM0000760,P000760,1.0,2024-03-01,,97.8,RT-234,active
BOM0000761,P000761,1.0,2024-05-01,,97.32,RT-154,active
BOM0000762,P000762,1.1,2024-04-01,,98.44,RT-141,active
BOM0000763,P000763,1.0,2024-01-01,,99.1,RT-396,active
BOM0000764,P000764,1.1,2024-09-01,,95.4,RT-559,active
BOM0000765,P000765,1.0,2024-12-01,,97.35,RT-168,active
BOM0000766,P000766,2.0,2024-11-01,,97.83,RT-988,active
BOM0000767,P000767,1.0,2024-01-01,,96.26,RT-307,active
BOM0000768,P000768,1.1,2024-03-01,,95.06,RT-384,active
BOM0000769,P000769,2.0,2024-11-01,,98.08,RT-459,active
BOM0000770,P000770,1.0,2024-07-01,,96.5,RT-264,active
BOM0000771,P000771,1.0,2024-06-01,,99.9,RT-454,active
BOM0000772,P000772,1.1,2024-04-01,,93.4,RT-662,active
BOM0000773,P000773,1.1,2024-08-01,,99.9,RT-353,active
BOM0000774,P000774,2.0,2024-10-01,,98.48,RT-628,active
BOM0000775,P000775,1.0,2024-03-01,,97.26,RT-600,active
BOM0000776,P000776,1.0,2024-09-01,,99.37,RT-923,active
BOM0000777,P000777,2.0,2024-03-01,,98.39,RT-983,active
BOM0000778,P000778,1.0,2024-01-01,,96.46,RT-847,active
BOM0000779,P000779,2.0,2024-06-01,,95.77,RT-855,active
BOM0000780,P000780,1.1,2024-07-01,,96.06,RT-425,active
BOM0000781,P000781,2.0,2024-06-01,,98.19,RT-980,active
BOM0000782,P000782,1.1,2024-01-01,,99.82,RT-930,active
BOM0000783,P000783,1.1,2024-03-01,,96.49,RT-932,active
BOM0000784,P000784,1.1,2024-08-01,,95.6,RT-868,active
BOM0000785,P000785,2.0,2024-10-01,,95.23,RT-405,active
BOM0000786,P000786,2.0,2024-09-01,,99.9,RT-724,active
BOM0000787,P000787,1.0,2024-07-01,,97.87,RT-462,active
BOM0000788,P000788,2.0,2024-10-01,,94.92,RT-190,active
BOM0000789,P000789,2.0,2024-03-01,,95.79,RT-448,active
BOM0000790,P000790,1.0,2024-09-01,,94.34,RT-420,active
BOM0000791,P000791,1.0,2024-12-01,,96.66,RT-455,active
BOM0000792,P000792,2.0,2024-06-01,,95.72,RT-954,active
BOM0000793,P000793,1.0,2024-07-01,,97.51,RT-192,active
BOM0000794,P000794,2.0,2024-05-01,,95.35,RT-916,active
BOM0000795,P000795,2.0,2024-04-01,,96.96,RT-724,active
BOM0000796,P000796,1.1,2024-06-01,,96.97,RT-728,active
BOM0000797,P000797,2.0,2024-01-01,,97.78,RT-277,active
BOM0000798,P000798,1.0,2024-06-01,,96.69,RT-390,active
BOM0000799,P000799,1.0,2024-04-01,,99.9,RT-410,active
BOM0000800,P000800,1.1,2024-02-01,,97.15,RT-122,active
BOM0000801,P000801,1.1,2024-09-01,,95.61,RT-393,active
BOM0000802,P000802,1.0,2024-12-01,,98.88,RT-935,active
BOM0000803,P000803,1.1,2024-02-01,,99.35,RT-444,active
BOM0000804,P000804,1.1,2024-02-01,,97.94,RT-281,active
BOM0000805,P000805,1.0,2024-03-01,,96.34,RT-945,active
BOM0000806,P000806,1.1,2024-05-01,,96.33,RT-850,active
BOM0000807,P000807,1.1,2024-09-01,,95.48,RT-225,active
BOM0000808,P000808,1.0,2024-06-01,,93.85,RT-872,active
BOM0000809,P000809,2.0,2024-07-01,,97.16,RT-826,active
BOM0000810,P000810,1.1,2024-06-01,,96.73,RT-711,active
BOM0000811,P000811,1.1,2024-09-01,,97.66,RT-239,active
BOM0000812,P000812,1.1,2024-08-01,,98.82,RT-462,active
BOM0000813,P000813,1.0,2024-06-01,,96.68,RT-321,active
BOM0000814,P000814,1.1,2024-03-01,,96.55,RT-907,active
BOM0000815,P000815,1.1,2024-11-01,,97.19,RT-741,active
BOM0000816,P000816,1.1,2024-07-01,,97.96,RT-407,active
BOM0000817,P000817,1.0,2024-07-01,,96.19,RT-755,active
BOM0000818,P000818,1.0,2024-11-01,,95.32,RT-925,active
BOM0000819,P000819,1.0,2024-03-01,,97.58,RT-119,active
BOM0000820,P000820,1.1,2024-11-01,,96.96,RT-543,active
BOM0000821,P000821,1.0,2024-10-01,,96.36,RT-566,active
BOM0000822,P000822,2.0,2024-10-01,,99.14,RT-384,active
BOM0000823,P000823,1.1,2024-11-01,,98.92,RT-886,active
BOM0000824,P000824,1.0,2024-05-01,,95.8,RT-819,active
BOM0000825,P000825,1.0,2024-09-01,,98.65,RT-202,active
BOM0000826,P000826,1.0,2024-08-01,,96.01,RT-127,active
BOM0000827,P000827,1.0,2024-12-01,,99.51,RT-113,active
BOM0000828,P000828,2.0,2024-12-01,,93.74,RT-983,active
BOM0000829,P000829,2.0,2024-09-01,,95.81,RT-952,active
BOM0000830,P000830,1.0,2024-12-01,,95.91,RT-173,active
BOM0000831,P000831,1.1,2024-03-01,,98.02,RT-951,active
BOM0000832,P000832,1.0,2024-12-01,,95.79,RT-337,active
BOM0000833,P000833,1.0,2024-06-01,,98.31,RT-446,active
BOM0000834,P000834,1.1,2024-07-01,,95.63,RT-239,active
BOM0000835,P000835,1.0,2024-03-01,,97.39,RT-684,active
BOM0000836,P000836,1.0,2024-07-01,,95.94,RT-676,active
BOM0000837,P000837,2.0,2024-05-01,,95.11,RT-957,active
BOM0000838,P000838,1.1,2024-12-01,,96.43,RT-633,active
BOM0000839,P000839,2.0,2024-07-01,,94.33,RT-186,active
BOM0000840,P000840,1.0,2024-01-01,,97.36,RT-968,active
BOM0000841,P000841,1.1,2024-11-01,,97.01,RT-302,active
BOM0000842,P000842,2.0,2024-10-01,,99.45,RT-494,active
BOM0000843,P000843,1.1,2024-07-01,,99.16,RT-731,active
BOM0000844,P000844,1.0,2024-06-01,,97.15,RT-520,active
BOM0000845,P000845,2.0,2024-02-01,,91.55,RT-173,active
BOM0000846,P000846,1.0,2024-02-01,,99.68,RT-939,active
BOM0000847,P000847,1.1,2024-01-01,,99.87,RT-610,active
BOM0000848,P000848,1.0,2024-05-01,,94.35,RT-401,active
BOM0000849,P000849,1.1,2024-01-01,,97.69,RT-117,active
BOM0000850,P000850,1.0,2024-04-01,,99.86,RT-620,active
BOM0000851,P000851,1.1,2024-12-01,,97.03,RT-725,active
BOM0000852,P000852,1.0,2024-12-01,,99.9,RT-268,active
BOM0000853,P000853,1.0,2024-07-01,,94.63,RT-100,active
BOM0000854,P000854,1.1,2024-09-01,,95.77,RT-436,active
BOM0000855,P000855,2.0,2024-11-01,,99.9,RT-433,active
BOM0000856,P000856,1.1,2024-06-01,,97.37,RT-564,active
BOM0000857,P000857,1.0,2024-12-01,,97.97,RT-662,active
BOM0000858,P000858,1.0,2024-12-01,,94.69,RT-300,active
BOM0000859,P000859,1.0,2024-06-01,,98.42,RT-583,active
BOM0000860,P000860,1.1,2024-02-01,,98.39,RT-237,active
BOM0000861,P000861,1.0,2024-01-01,,95.99,RT-235,active
BOM0000862,P000862,1.1,2024-03-01,,97.04,RT-756,active
BOM0000863,P000863,1.1,2024-09-01,,99.9,RT-661,active
BOM0000864,P000864,1.1,2024-01-01,,96.23,RT-722,active
BOM0000865,P000865,1.0,2024-07-01,,98.59,RT-947,active
BOM0000866,P000866,2.0,2024-09-01,,93.92,RT-765,active
BOM0000867,P000867,1.0,2024-11-01,,97.74,RT-616,active
BOM0000868,P000868,1.1,2024-04-01,,96.3,RT-832,active
BOM0000869,P000869,1.0,2024-12-01,,98.64,RT-822,active
BOM0000870,P000870,1.0,2024-02-01,,95.58,RT-631,active
BOM0000871,P000871,1.0,2024-07-01,,98.92,RT-224,active
BOM0000872,P000872,1.0,2024-03-01,,99.58,RT-563,active
BOM0000873,P000873,1.0,2024-07-01,,97.63,RT-358,active
BOM0000874,P000874,1.1,2024-10-01,,98.82,RT-689,active
BOM0000875,P000875,1.0,2024-08-01,,95.84,RT-302,active
BOM0000876,P000876,2.0,2024-03-01,,96.39,RT-503,active
BOM0000877,P000877,1.1,2024-04-01,,98.75,RT-568,active
BOM0000878,P000878,1.0,2024-10-01,,97.2,RT-561,active
BOM0000879,P000879,1.0,2024-05-01,,98.22,RT-649,active
BOM0000880,P000880,1.1,2024-12-01,,98.46,RT-731,active
BOM0000881,P000881,1.0,2024-06-01,,96.1,RT-333,active
BOM0000882,P000882,1.1,2024-02-01,,97.36,RT-765,active
BOM0000883,P000883,2.0,2024-07-01,,95.52,RT-729,active
BOM0000884,P000884,2.0,2024-10-01,,97.71,RT-605,active
BOM0000885,P000885,1.0,2024-10-01,,98.32,RT-545,active
BOM0000886,P000886,1.1,2024-02-01,,99.32,RT-225,active
BOM0000887,P000887,1.0,2024-10-01,,97.29,RT-665,active
BOM0000888,P000888,1.1,2024-04-01,,99.9,RT-250,active
BOM0000889,P000889,1.0,2024-06-01,,99.13,RT-540,active
BOM0000890,P000890,1.0,2024-08-01,,94.36,RT-921,active
BOM0000891,P000891,1.0,2024-04-01,,99.57,RT-920,active
BOM0000892,P000892,2.0,2024-05-01,,99.9,RT-517,active
BOM0000893,P000893,1.0,2024-07-01,,95.61,RT-399,active
BOM0000894,P000894,1.0,2024-07-01,,96.17,RT-206,active
BOM0000895,P000895,1.0,2024-02-01,,94.33,RT-854,active
BOM0000896,P000896,1.0,2024-10-01,,98.29,RT-514,active
BOM0000897,P000897,2.0,2024-08-01,,96.7,RT-736,active
BOM0000898,P000898,2.0,2024-01-01,,96.53,RT-472,active
BOM0000899,P000899,1.0,2024-08-01,,96.52,RT-661,active
BOM0000900,P000900,1.0,2024-09-01,,92.64,RT-508,active
BOM0000901,P000901,1.0,2024-08-01,,95.66,RT-506,active
BOM0000902,P000902,1.1,2024-08-01,,97.04,RT-292,active
BOM0000903,P000903,1.0,2024-09-01,,99.9,RT-793,active
BOM0000904,P000904,1.1,2024-12-01,,98.44,RT-211,active
BOM0000905,P000905,1.1,2024-01-01,,99.45,RT-950,active
BOM0000906,P000906,2.0,2024-09-01,,95.76,RT-359,active
BOM0000907,P000907,1.0,2024-03-01,,96.55,RT-917,active
BOM0000908,P000908,1.0,2024-08-01,,99.9,RT-229,active
BOM0000909,P000909,1.0,2024-07-01,,99.9,RT-854,active
BOM0000910,P000910,1.0,2024-01-01,,98.1,RT-205,active
BOM0000911,P000911,1.1,2024-06-01,,94.46,RT-347,active
BOM0000912,P000912,1.0,2024-10-01,,98.63,RT-169,active
BOM0000913,P000913,1.0,2024-12-01,,93.86,RT-649,active
BOM0000914,P000914,1.0,2024-09-01,,95.14,RT-881,active
BOM0000915,P000915,1.0,2024-10-01,,96.01,RT-483,active
BOM0000916,P000916,1.1,2024-03-01,,98.71,RT-607,active
BOM0000917,P000917,1.1,2024-11-01,,95.99,RT-173,active
BOM0000918,P000918,1.0,2024-09-01,,98.99,RT-474,active
BOM0000919,P000919,1.1,2024-06-01,,98.95,RT-762,active
BOM0000920,P000920,1.0,2024-01-01,,98.78,RT-782,active
BOM0000921,P000921,1.1,2024-04-01,,97.69,RT-347,active
BOM0000922,P000922,1.0,2024-11-01,,95.17,RT-867,active
BOM0000923,P000923,2.0,2024-11-01,,97.29,RT-115,active
BOM0000924,P000924,2.0,2024-07-01,,98.14,RT-632,active
BOM0000925,P000925,2.0,2024-11-01,,99.31,RT-665,active
BOM0000926,P000926,1.1,2024-09-01,,95.31,RT-819,active
BOM0000927,P000927,1.1,2024-02-01,,98.79,RT-639,active
BOM0000928,P000928,1.0,2024-05-01,,98.44,RT-194,active
BOM0000929,P000929,2.0,2024-10-01,,96.92,RT-840,active
BOM0000930,P000930,1.1,2024-01-01,,95.5,RT-703,active
BOM0000931,P000931,1.0,2024-05-01,,98.34,RT-944,active
BOM0000932,P000932,2.0,2024-02-01,,96.99,RT-288,active
BOM0000933,P000933,1.1,2024-10-01,,95.4,RT-371,active
BOM0000934,P000934,1.0,2024-05-01,,98.51,RT-212,active
BOM0000935,P000935,1.0,2024-11-01,,99.9,RT-983,active
BOM0000936,P000936,1.0,2024-11-01,,94.35,RT-602,active
BOM0000937,P000937,1.1,2024-04-01,,99.9,RT-680,active
BOM0000938,P000938,2.0,2024-07-01,,92.94,RT-604,active
BOM0000939,P000939,2.0,2024-11-01,,97.14,RT-829,active
BOM0000940,P000940,1.0,2024-02-01,,96.66,RT-954,active
BOM0000941,P000941,1.0,2024-12-01,,95.09,RT-151,active
BOM0000942,P000942,2.0,2024-09-01,,98.09,RT-453,active
BOM0000943,P000943,1.0,2024-11-01,,98.66,RT-457,active
BOM0000944,P000944,1.0,2024-05-01,,96.6,RT-847,active
BOM0000945,P000945,2.0,2024-11-01,,99.15,RT-216,active
BOM0000946,P000946,1.0,2024-07-01,,97.09,RT-220,active
BOM0000947,P000947,1.1,2024-09-01,,98.36,RT-841,active
BOM0000948,P000948,1.0,2024-12-01,,94.94,RT-434,active
BOM0000949,P000949,1.0,2024-03-01,,98.17,RT-375,active
BOM0000950,P000950,1.0,2024-01-01,,97.31,RT-540,active
