snapshot_date,site_id,warehouse_id,open_sales_orders,sales_order_value_open,orders_due_7d,backorder_lines,inventory_value,inventory_accuracy_pct,production_plan_qty,production_completed_qty,production_attainment_pct,scrap_rate_pct,on_time_ship_pct,otif_pct,supplier_late_po_count,quality_hold_qty,ar_overdue_amount,data_refresh_timestamp
2026-09-01,S001,WH0001,2445,59715052.88,945,121,218486381.71,97.44,24110,18553,76.95,4.09,86.2,81.39,187,1593,25883829.93,2026-09-01T23:50:00+05:30
2026-09-02,S001,WH0001,3983,323427820.99,386,350,193470271.69,95.92,30732,28545,92.88,3.11,86.99,84.0,63,1789,5954382.38,2026-09-02T23:50:00+05:30
2026-09-03,S001,WH0001,3248,313934405.3,874,234,208476561.19,94.04,19837,14475,72.97,4.66,79.35,75.9,151,4280,8561399.5,2026-09-03T23:50:00+05:30
2026-09-04,S001,WH0001,4059,243076298.25,147,194,200107357.3,95.29,33718,33081,98.11,2.22,89.17,84.64,179,3157,1124677.05,2026-09-04T23:50:00+05:30
2026-09-05,S001,WH0001,3519,226854706.22,412,239,186552178.58,93.16,25785,19231,74.58,1.5,94.28,93.85,98,3829,17163341.88,2026-09-05T23:50:00+05:30
2026-09-06,S001,WH0001,4060,125405355.4,568,148,212173571.19,95.62,12757,12600,98.77,5.53,93.29,89.38,132,247,25881186.85,2026-09-06T23:50:00+05:30
2026-09-07,S001,WH0001,1456,72869781.29,846,93,201762840.1,96.53,10387,7993,76.95,5.34,78.92,78.0,177,4146,10139528.22,2026-09-07T23:50:00+05:30
2026-09-08,S001,WH0001,1807,167838970.75,706,153,210747424.82,98.05,24999,21556,86.23,3.76,97.92,96.89,162,314,1270955.54,2026-09-08T23:50:00+05:30
2026-09-09,S001,WH0001,1904,137324172.56,759,301,205090428.98,94.28,32117,25970,80.86,2.0,99,94.18,136,2424,8656561.29,2026-09-09T23:50:00+05:30
2026-09-10,S001,WH0001,3183,205428700.88,815,285,187636997.48,93.04,29919,25157,84.08,0.85,83.47,82.1,151,4212,22525735.18,2026-09-10T23:50:00+05:30
2026-09-11,S001,WH0001,1417,58934310.18,689,349,199766658.66,96.35,30246,24372,80.58,0.4,85.72,85.57,111,3899,14639639.48,2026-09-11T23:50:00+05:30
2026-09-12,S001,WH0001,3221,164941434.89,500,258,196820137.3,95.35,33045,30113,91.13,3.35,91.71,85.53,150,2420,3569025.96,2026-09-12T23:50:00+05:30
2026-09-13,S001,WH0001,785,73363725.31,422,164,216497483.2,98.51,16214,12641,77.96,3.87,80.98,74.54,114,2997,13183492.28,2026-09-13T23:50:00+05:30
2026-09-14,S001,WH0001,4020,90263941.77,398,200,206778325.39,95.27,7658,7431,97.04,1.15,91.44,90.91,170,793,10652467.19,2026-09-14T23:50:00+05:30
2026-09-15,S001,WH0001,752,68174525.82,799,298,203360218.28,98.31,30546,28285,92.6,3.8,93.3,90.6,124,4516,5366681.27,2026-09-15T23:50:00+05:30
2026-09-16,S001,WH0001,3357,125483270.78,645,299,200638927.83,99.8,29390,25936,88.25,1.68,99,95.76,91,4162,4716913.03,2026-09-16T23:50:00+05:30
2026-09-17,S001,WH0001,3506,34871466.07,849,231,186745592.21,95.69,15544,14773,95.04,4.16,87.32,84.39,122,940,9841531.65,2026-09-17T23:50:00+05:30
2026-09-18,S001,WH0001,4097,238536102.16,771,152,195511153.16,99.24,15446,15627,101.17,1.92,85.68,84.24,110,3719,1971374.2,2026-09-18T23:50:00+05:30
2026-09-19,S001,WH0001,2373,161896498.87,309,81,208223539.91,93.49,13674,13165,96.28,1.98,97.0,95.26,27,4065,22435919.93,2026-09-19T23:50:00+05:30
2026-09-20,S001,WH0001,1523,158815168.74,827,211,208760358.3,93.08,25089,23413,93.32,1.9,88.17,86.58,46,4727,11715670.05,2026-09-20T23:50:00+05:30
2026-09-21,S001,WH0001,2298,109528573.04,400,342,212263508.38,95.46,13340,11909,89.27,5.11,94.72,93.06,59,4082,19248680.94,2026-09-21T23:50:00+05:30
2026-09-22,S001,WH0001,3494,199962845.25,408,355,203751879.7,95.61,10517,9130,86.81,5.61,95.63,91.1,129,440,6853424.93,2026-09-22T23:50:00+05:30
2026-09-23,S001,WH0001,4156,189918803.97,667,170,189606062.94,96.73,16679,17387,104.24,2.54,96.29,92.53,128,4848,5860992.94,2026-09-23T23:50:00+05:30
2026-09-24,S001,WH0001,1994,101514688.96,703,364,217670232.45,94.95,11447,9678,84.55,3.41,88.8,82.96,20,834,2004921.85,2026-09-24T23:50:00+05:30
2026-09-25,S001,WH0001,3875,70684874.83,425,147,191876673.77,96.97,17947,15803,88.05,3.22,93.98,87.16,183,3937,7569040.56,2026-09-25T23:50:00+05:30
2026-09-26,S001,WH0001,2423,218141070.27,423,332,197911154.92,94.95,18075,14911,82.5,3.43,84.39,81.22,48,5181,1880963.7,2026-09-26T23:50:00+05:30
2026-09-27,S001,WH0001,3206,321328527.64,423,176,216810140.18,94.69,20630,16706,80.98,5.0,86.26,81.89,17,3686,10868429.88,2026-09-27T23:50:00+05:30
2026-09-28,S001,WH0001,2527,91204963.27,807,95,212116313.59,97.88,30965,28591,92.33,2.97,97.15,95.54,72,1944,4552807.63,2026-09-28T23:50:00+05:30
2026-09-29,S001,WH0001,3635,172698668.92,269,102,203277437.89,99.8,32391,24928,76.96,3.82,93.08,92.34,62,1955,7610654.39,2026-09-29T23:50:00+05:30
2026-09-30,S001,WH0001,2580,265784452.7,459,245,197078135.51,98.64,8817,6606,74.92,4.38,92.53,91.66,68,4141,17941124.41,2026-09-30T23:50:00+05:30
2026-09-01,S002,WH0003,2948,135363286.94,365,284,194510040.35,95.51,23614,22106,93.61,2.09,87.61,85.39,170,2852,25475671.83,2026-09-01T23:50:00+05:30
2026-09-02,S002,WH0003,1442,151209518.2,643,277,199815189.08,96.59,35699,33222,93.06,4.58,81.6,79.07,77,2003,3382542.35,2026-09-02T23:50:00+05:30
2026-09-03,S002,WH0003,1028,64145888.06,480,356,194004062.25,95.82,34597,34651,100.16,2.58,84.3,84.22,34,103,14359531.92,2026-09-03T23:50:00+05:30
2026-09-04,S002,WH0003,2212,63374986.21,796,130,201319599.82,92.61,30509,25602,83.92,2.87,91.5,86.92,143,3692,13015215.85,2026-09-04T23:50:00+05:30
2026-09-05,S002,WH0003,1576,95762194.29,572,222,185824587.02,96.02,22426,22565,100.62,6.56,91.2,85.64,161,4651,9898779.48,2026-09-05T23:50:00+05:30
2026-09-06,S002,WH0003,3744,450302474.26,229,184,197880513.68,96.24,25368,18350,72.34,3.71,80.06,73.19,63,5178,15321189.12,2026-09-06T23:50:00+05:30
2026-09-07,S002,WH0003,2150,33850701.95,836,41,215099513.29,96.73,30421,30455,100.11,2.32,89.66,83.04,162,3866,4120221.93,2026-09-07T23:50:00+05:30
2026-09-08,S002,WH0003,1521,134548286.58,540,158,210405717.34,94.64,28951,21735,75.08,4.16,86.39,81.96,53,925,11394869.19,2026-09-08T23:50:00+05:30
2026-09-09,S002,WH0003,756,20426513.75,625,268,196964453.23,96.04,29115,28480,97.82,2.54,91.26,87.84,75,3139,20842282.5,2026-09-09T23:50:00+05:30
2026-09-10,S002,WH0003,3656,83554646.13,494,57,192155853.0,98.66,12594,9783,77.68,0.4,99,92.33,170,850,3739590.58,2026-09-10T23:50:00+05:30
2026-09-11,S002,WH0003,2908,141841144.35,600,349,203725606.13,98.18,16534,13731,83.05,3.79,86.42,85.91,91,4125,2324579.34,2026-09-11T23:50:00+05:30
2026-09-12,S002,WH0003,962,117959826.88,735,259,216210913.95,97.28,11298,10394,92.0,5.32,83.72,78.4,86,3174,15883520.92,2026-09-12T23:50:00+05:30
2026-09-13,S002,WH0003,3168,203128482.23,498,234,186471000.06,98.56,30712,32340,105.3,0.67,85.42,81.49,112,4994,6333716.97,2026-09-13T23:50:00+05:30
2026-09-14,S002,WH0003,3005,363685535.59,347,44,195764855.89,97.62,13222,13211,99.92,5.52,94.69,87.71,188,223,21943004.59,2026-09-14T23:50:00+05:30
2026-09-15,S002,WH0003,2819,189019178.79,500,348,186243682.88,99.8,7766,6049,77.89,2.05,92.98,92.44,173,4158,8181650.99,2026-09-15T23:50:00+05:30
2026-09-16,S002,WH0003,825,31935130.29,417,47,199736357.91,97.34,14428,10709,74.22,4.93,94.56,90.67,177,659,15394684.12,2026-09-16T23:50:00+05:30
2026-09-17,S002,WH0003,1129,134887530.98,505,110,199606795.51,96.97,28334,22320,78.77,3.51,90.06,88.71,73,626,2853267.74,2026-09-17T23:50:00+05:30
2026-09-18,S002,WH0003,1616,95978759.3,933,53,188711778.38,98.7,35248,25520,72.4,5.19,96.04,93.6,65,1379,23665867.69,2026-09-18T23:50:00+05:30
2026-09-19,S002,WH0003,4127,395111386.53,416,359,196037458.53,95.2,31038,27588,88.88,1.51,89.84,87.21,118,824,10444759.36,2026-09-19T23:50:00+05:30
2026-09-20,S002,WH0003,2899,318641038.41,132,60,206438916.27,93.83,12307,8992,73.06,2.48,89.8,86.56,100,2905,3331451.13,2026-09-20T23:50:00+05:30
2026-09-21,S002,WH0003,3452,148813411.76,532,336,205832947.5,96.94,25241,23937,94.83,3.51,93.22,88.55,88,5139,14426527.38,2026-09-21T23:50:00+05:30
2026-09-22,S002,WH0003,3301,225599000.87,870,325,193545886.66,95.37,25353,21052,83.04,1.88,85.72,85.41,188,149,11636191.24,2026-09-22T23:50:00+05:30
2026-09-23,S002,WH0003,1407,41880415.36,271,188,194652879.57,96.7,9043,9455,104.56,4.85,88.71,86.54,31,4522,8198380.72,2026-09-23T23:50:00+05:30
2026-09-24,S002,WH0003,752,55454397.48,538,59,204806233.29,97.84,29405,25264,85.92,3.2,90.57,89.48,61,1290,22702563.52,2026-09-24T23:50:00+05:30
2026-09-25,S002,WH0003,2034,50236385.48,803,146,213174888.85,94.6,30615,27433,89.61,4.37,87.6,85.72,109,2985,3146649.61,2026-09-25T23:50:00+05:30
2026-09-26,S002,WH0003,1833,206162803.59,626,182,206630498.63,96.3,29924,28040,93.7,2.42,84.71,78.63,91,3763,14615773.49,2026-09-26T23:50:00+05:30
2026-09-27,S002,WH0003,2389,123943743.96,648,244,195059242.21,97.62,28647,26905,93.92,2.38,83.65,77.63,41,103,8362953.1,2026-09-27T23:50:00+05:30
2026-09-28,S002,WH0003,1672,177067588.38,947,153,186141763.42,96.03,32399,25807,79.65,0.4,81.74,77.25,133,4530,19701710.81,2026-09-28T23:50:00+05:30
2026-09-29,S002,WH0003,1050,30774152.63,682,237,189080182.71,94.74,18197,13226,72.68,3.64,86.22,84.95,23,3908,8614413.99,2026-09-29T23:50:00+05:30
2026-09-30,S002,WH0003,3203,82137554.24,387,329,196871511.0,95.15,17166,14176,82.58,4.45,95.44,89.62,153,3969,5222310.04,2026-09-30T23:50:00+05:30
2026-09-01,S003,WH0005,3360,129615892.54,560,113,191018261.79,94.55,14005,13257,94.66,4.06,92.53,92.44,69,3400,3749677.77,2026-09-01T23:50:00+05:30
2026-09-02,S003,WH0005,2843,196307995.35,643,352,188910410.87,96.19,15147,14043,92.71,2.31,96.79,91.22,29,1282,1683379.06,2026-09-02T23:50:00+05:30
2026-09-03,S003,WH0005,3161,376807460.16,510,305,216066515.21,98.07,23175,22891,98.77,4.0,92.48,88.48,30,2242,14881285.99,2026-09-03T23:50:00+05:30
2026-09-04,S003,WH0005,2299,142754363.31,628,44,216336833.1,96.68,10155,9787,96.38,1.47,92.79,86.71,61,3589,11477486.83,2026-09-04T23:50:00+05:30
2026-09-05,S003,WH0005,3176,203375017.66,320,253,211526952.16,97.29,20898,21941,104.99,4.16,90.7,84.77,135,3926,17457947.7,2026-09-05T23:50:00+05:30
2026-09-06,S003,WH0005,4128,259733864.17,744,232,208511542.73,94.7,18553,15078,81.27,3.37,82.98,80.13,181,1088,21366182.06,2026-09-06T23:50:00+05:30
2026-09-07,S003,WH0005,1711,203298955.59,329,40,204009098.52,96.29,22792,19030,83.49,2.25,88.73,82.22,43,1776,18975948.3,2026-09-07T23:50:00+05:30
2026-09-08,S003,WH0005,2778,45463842.56,130,117,209746425.8,96.8,26776,26967,100.71,4.77,86.36,80.92,35,3311,11597687.26,2026-09-08T23:50:00+05:30
2026-09-09,S003,WH0005,1522,174853626.16,370,271,216188233.07,98.97,8412,7159,85.1,4.05,98.64,96.97,178,1421,11502581.85,2026-09-09T23:50:00+05:30
2026-09-10,S003,WH0005,3788,44176387.95,715,45,200106157.86,92.03,11102,10883,98.03,4.47,88.38,83.77,47,3541,14863491.91,2026-09-10T23:50:00+05:30
2026-09-11,S003,WH0005,3687,425046266.38,633,198,192446868.94,95.94,8347,8157,97.72,2.24,95.97,92.95,45,286,20161472.64,2026-09-11T23:50:00+05:30
2026-09-12,S003,WH0005,1695,104547764.77,554,355,206399133.67,96.08,35369,26959,76.22,3.42,88.87,87.64,178,4270,17786769.96,2026-09-12T23:50:00+05:30
2026-09-13,S003,WH0005,3392,322769062.23,319,117,216104320.94,98.12,22940,17095,74.52,1.74,88.89,81.94,169,488,5216039.93,2026-09-13T23:50:00+05:30
2026-09-14,S003,WH0005,1288,14179728.02,291,100,212437941.48,96.05,12425,10468,84.25,1.84,97.78,96.38,75,3664,25024878.99,2026-09-14T23:50:00+05:30
2026-09-15,S003,WH0005,783,97411218.82,327,325,213619267.96,97.73,20703,15824,76.43,1.67,86.94,82.0,154,1831,9436953.73,2026-09-15T23:50:00+05:30
2026-09-16,S003,WH0005,1657,97298587.71,369,328,211973182.33,95.94,31178,32778,105.13,3.8,85.19,84.26,30,882,22025875.61,2026-09-16T23:50:00+05:30
2026-09-17,S003,WH0005,1435,102177130.41,506,71,204625150.91,97.11,14101,12963,91.93,2.75,83.05,80.89,78,3220,6364750.65,2026-09-17T23:50:00+05:30
2026-09-18,S003,WH0005,3425,78173930.51,657,249,191786602.18,97.39,24085,24648,102.34,1.17,91.7,88.36,104,429,22217485.77,2026-09-18T23:50:00+05:30
2026-09-19,S003,WH0005,1319,63673608.93,932,208,197642845.91,95.3,13095,10082,76.99,2.14,96.95,93.75,118,2848,14858514.79,2026-09-19T23:50:00+05:30
2026-09-20,S003,WH0005,835,33703593.29,530,218,213387079.89,96.01,7083,7272,102.67,1.46,99,97.96,188,5031,16966621.2,2026-09-20T23:50:00+05:30
2026-09-21,S003,WH0005,3953,383740942.0,413,248,196608883.35,93.26,22029,16007,72.66,0.97,98.11,97.25,112,1585,22814453.7,2026-09-21T23:50:00+05:30
2026-09-22,S003,WH0005,1147,111993463.97,372,237,204652031.57,99.64,18367,14879,81.01,1.74,99,97.98,102,1353,10541382.95,2026-09-22T23:50:00+05:30
2026-09-23,S003,WH0005,3624,43896018.64,816,195,213084074.62,94.88,10620,9241,87.02,0.68,81.81,76.43,122,1026,17928558.32,2026-09-23T23:50:00+05:30
2026-09-24,S003,WH0005,2734,28224401.18,243,108,198592224.57,94.55,7031,6650,94.58,2.78,79.01,74.15,61,4451,12771922.81,2026-09-24T23:50:00+05:30
2026-09-25,S003,WH0005,1500,51942176.66,929,112,200822500.5,93.77,19761,17371,87.91,1.69,86.06,80.33,149,5116,23920035.07,2026-09-25T23:50:00+05:30
2026-09-26,S003,WH0005,2727,337700419.51,527,183,192740492.66,96.93,24553,21648,88.17,3.92,84.98,83.77,50,3220,4900756.62,2026-09-26T23:50:00+05:30
2026-09-27,S003,WH0005,4041,71405006.85,932,333,207324139.01,93.74,11104,9282,83.59,2.4,72.72,70.42,30,542,14278446.66,2026-09-27T23:50:00+05:30
2026-09-28,S003,WH0005,3961,303381482.2,419,290,207619089.55,96.49,13933,10919,78.37,3.15,81.65,79.86,138,2476,10289708.68,2026-09-28T23:50:00+05:30
2026-09-29,S003,WH0005,1314,91031422.17,819,236,218370296.29,97.36,18193,16441,90.37,4.17,86.01,85.34,82,4006,19343043.41,2026-09-29T23:50:00+05:30
2026-09-30,S003,WH0005,1439,40587777.61,669,66,217468663.67,97.94,15212,14213,93.43,3.65,81.92,75.22,36,2175,18210230.96,2026-09-30T23:50:00+05:30
2026-09-01,S004,WH0007,963,71566362.1,840,348,200065110.58,97.98,18187,15583,85.68,1.88,84.45,83.72,30,2238,9493838.51,2026-09-01T23:50:00+05:30
2026-09-02,S004,WH0007,1053,104817505.81,510,312,212551819.33,97.62,31719,32795,103.39,3.95,73.29,68.55,153,2121,15027740.69,2026-09-02T23:50:00+05:30
2026-09-03,S004,WH0007,3579,104099016.55,134,138,199248929.24,98.23,30443,32048,105.27,3.24,86.79,82.72,68,1330,12027220.79,2026-09-03T23:50:00+05:30
2026-09-04,S004,WH0007,1283,104685780.69,732,195,218435717.27,96.66,27861,27932,100.25,3.55,86.27,85.62,147,5172,17449669.26,2026-09-04T23:50:00+05:30
2026-09-05,S004,WH0007,2486,165925367.97,311,230,189899031.58,91.52,25569,26192,102.44,2.42,96.71,94.1,87,4855,22128680.51,2026-09-05T23:50:00+05:30
2026-09-06,S004,WH0007,2806,233662199.58,138,310,201251776.52,96.28,11648,11502,98.75,1.58,87.82,87.3,157,1607,20573116.41,2026-09-06T23:50:00+05:30
2026-09-07,S004,WH0007,3840,462344932.22,353,111,202263147.36,95.14,14119,10910,77.27,0.61,85.2,82.04,102,2957,12272825.53,2026-09-07T23:50:00+05:30
2026-09-08,S004,WH0007,3428,124330615.37,359,20,218686734.82,94.6,32590,27801,85.31,4.99,94.46,88.69,26,4087,14987773.29,2026-09-08T23:50:00+05:30
2026-09-09,S004,WH0007,1461,108376152.34,419,138,190007955.61,96.34,9772,7846,80.29,3.94,94.52,92.6,152,2781,15867552.95,2026-09-09T23:50:00+05:30
2026-09-10,S004,WH0007,4193,404597291.46,216,162,218395292.81,95.66,31049,32310,104.06,3.83,88.23,82.96,93,2265,20625597.35,2026-09-10T23:50:00+05:30
2026-09-11,S004,WH0007,1509,186366047.71,458,196,217491002.82,95.0,32218,24592,76.33,2.96,92.93,89.29,59,3445,5798463.4,2026-09-11T23:50:00+05:30
2026-09-12,S004,WH0007,1851,140015029.61,636,324,189020584.39,93.59,30752,31419,102.17,2.29,96.03,93.38,81,971,13800121.31,2026-09-12T23:50:00+05:30
2026-09-13,S004,WH0007,1885,56572023.43,734,360,213496834.91,93.76,13023,12149,93.29,1.71,93.83,91.89,141,585,21596035.39,2026-09-13T23:50:00+05:30
2026-09-14,S004,WH0007,2307,246568897.56,253,90,221192166.87,97.07,24968,21589,86.47,3.85,83.77,78.2,161,4023,4082035.59,2026-09-14T23:50:00+05:30
2026-09-15,S004,WH0007,3088,361214244.85,349,195,216289201.87,96.86,13159,10832,82.32,4.07,83.16,78.75,34,4565,16916162.83,2026-09-15T23:50:00+05:30
2026-09-16,S004,WH0007,1728,40921395.57,546,90,218175643.34,99.1,16422,12685,77.24,3.22,91.02,85.37,51,2055,14213937.82,2026-09-16T23:50:00+05:30
2026-09-17,S004,WH0007,2561,88278366.35,319,320,190802484.96,95.71,8713,6933,79.57,3.22,89.95,88.87,36,875,21295580.82,2026-09-17T23:50:00+05:30
2026-09-18,S004,WH0007,3779,223783757.38,781,154,221115666.62,94.93,19779,20136,101.8,2.29,81.4,75.85,25,1232,9798552.91,2026-09-18T23:50:00+05:30
2026-09-19,S004,WH0007,3055,122322934.83,384,295,210230514.25,94.91,19712,16919,85.83,4.16,88.28,87.2,168,3297,13052169.2,2026-09-19T23:50:00+05:30
2026-09-20,S004,WH0007,4061,106440431.03,325,343,214632745.94,96.65,9519,7573,79.56,2.53,92.68,91.12,184,1414,14789730.46,2026-09-20T23:50:00+05:30
2026-09-21,S004,WH0007,1308,32826946.41,754,283,203660729.78,98.98,18545,15834,85.38,2.78,96.72,93.3,56,5189,13911336.94,2026-09-21T23:50:00+05:30
2026-09-22,S004,WH0007,3978,350097209.87,423,203,215803015.14,93.06,21981,18670,84.94,2.12,89.34,83.96,138,2892,17612623.53,2026-09-22T23:50:00+05:30
2026-09-23,S004,WH0007,1993,161281501.32,728,35,207580421.07,95.28,34376,29232,85.04,1.11,90.3,84.79,121,1628,24519995.14,2026-09-23T23:50:00+05:30
2026-09-24,S004,WH0007,1967,182843994.49,606,63,188766443.62,93.62,17720,18137,102.35,1.33,92.51,87.59,61,1523,1488684.51,2026-09-24T23:50:00+05:30
2026-09-25,S004,WH0007,4066,42212862.22,270,153,208904043.24,98.0,7767,6470,83.3,0.4,87.75,86.28,169,986,16456945.59,2026-09-25T23:50:00+05:30
2026-09-26,S004,WH0007,4035,113734355.47,267,114,191761378.0,95.44,15315,14231,92.92,2.25,88.4,83.12,147,3062,4703051.14,2026-09-26T23:50:00+05:30
2026-09-27,S004,WH0007,2230,265837921.96,831,25,191198299.53,96.1,35711,34468,96.52,2.02,87.67,83.23,72,823,12978190.24,2026-09-27T23:50:00+05:30
2026-09-28,S004,WH0007,3018,218069994.44,471,294,213364226.92,96.4,27776,20451,73.63,1.31,99,98.83,28,4221,2358267.46,2026-09-28T23:50:00+05:30
2026-09-29,S004,WH0007,990,107417888.46,432,311,199749355.96,99.29,16861,15096,89.53,2.19,94.32,87.41,175,2352,24621006.95,2026-09-29T23:50:00+05:30
2026-09-30,S004,WH0007,2134,43117377.7,369,59,211980357.73,97.98,34104,26388,77.38,4.43,97.23,96.04,172,591,15573229.03,2026-09-30T23:50:00+05:30
2026-09-01,S005,WH0009,1406,94420435.96,460,216,193724500.39,96.36,30500,22700,74.43,1.98,78.85,71.96,132,742,5132684.4,2026-09-01T23:50:00+05:30
2026-09-02,S005,WH0009,3406,148638532.94,396,87,179688368.47,96.63,8070,7870,97.52,2.67,84.06,80.36,56,3798,11652869.43,2026-09-02T23:50:00+05:30
2026-09-03,S005,WH0009,3924,35549884.31,902,57,200063648.93,96.36,15194,11264,74.13,3.0,92.97,89.02,155,4522,22261575.99,2026-09-03T23:50:00+05:30
2026-09-04,S005,WH0009,1787,202994193.86,357,25,209812590.01,97.64,10144,10665,105.14,0.68,90.63,89.32,78,4343,16051962.13,2026-09-04T23:50:00+05:30
2026-09-05,S005,WH0009,1001,86130347.56,764,161,189394158.11,99.42,9160,9555,104.31,1.92,90.5,88.19,59,5184,2931707.19,2026-09-05T23:50:00+05:30
2026-09-06,S005,WH0009,1069,109625405.26,202,191,194577925.63,94.43,10772,10378,96.34,3.02,81.34,74.69,182,2049,19796786.34,2026-09-06T23:50:00+05:30
2026-09-07,S005,WH0009,1846,91235148.54,936,189,187018026.57,94.85,24363,18424,75.62,2.56,85.06,81.93,26,1096,9812628.23,2026-09-07T23:50:00+05:30
2026-09-08,S005,WH0009,4002,427987471.16,717,229,180479737.37,94.84,34137,31678,92.8,3.93,94.83,89.22,144,3543,1050442.55,2026-09-08T23:50:00+05:30
2026-09-09,S005,WH0009,1596,100464430.59,450,261,186766843.9,96.2,14549,14227,97.79,3.89,86.37,85.19,33,4979,3677733.29,2026-09-09T23:50:00+05:30
2026-09-10,S005,WH0009,3563,68693727.54,772,255,194065940.9,95.47,13793,11388,82.56,3.75,86.02,80.88,45,4934,3524432.64,2026-09-10T23:50:00+05:30
2026-09-11,S005,WH0009,1296,79436525.1,120,149,205105238.12,92.22,9071,7618,83.98,4.01,93.31,93.3,71,3023,7096702.68,2026-09-11T23:50:00+05:30
2026-09-12,S005,WH0009,2048,216654583.74,728,73,202576979.87,98.05,16097,13683,85.0,4.68,84.12,79.81,105,3665,15061432.02,2026-09-12T23:50:00+05:30
2026-09-13,S005,WH0009,3252,229677833.38,841,358,205585401.08,99.8,11132,9134,82.05,4.69,83.62,81.51,119,4608,14949941.24,2026-09-13T23:50:00+05:30
2026-09-14,S005,WH0009,1855,69599114.92,714,104,183437950.92,95.0,34579,31163,90.12,5.18,86.01,79.35,70,952,23521530.98,2026-09-14T23:50:00+05:30
2026-09-15,S005,WH0009,1376,90969821.56,494,291,183997956.08,95.45,12466,9827,78.83,0.4,84.45,77.97,33,1608,2832040.66,2026-09-15T23:50:00+05:30
2026-09-16,S005,WH0009,2064,150032594.82,470,142,205425315.8,96.86,11522,8919,77.41,2.56,96.6,91.19,62,4135,15950459.51,2026-09-16T23:50:00+05:30
2026-09-17,S005,WH0009,3618,324547220.67,206,223,187052292.49,97.7,32893,30461,92.61,4.14,94.17,92.72,91,2555,21702223.16,2026-09-17T23:50:00+05:30
2026-09-18,S005,WH0009,3890,185883075.28,720,315,206443998.72,96.96,25272,24534,97.08,3.14,83.05,77.46,143,2561,8308081.42,2026-09-18T23:50:00+05:30
2026-09-19,S005,WH0009,3332,67450959.43,907,22,184468653.34,94.97,8019,7568,94.38,1.15,83.84,78.97,33,600,20894188.76,2026-09-19T23:50:00+05:30
2026-09-20,S005,WH0009,2566,306245813.71,567,374,190415382.86,95.87,29563,24872,84.13,3.39,99,93.41,176,3711,1213785.3,2026-09-20T23:50:00+05:30
2026-09-21,S005,WH0009,1820,44235844.21,933,202,182779687.41,97.48,32585,32201,98.82,1.17,96.47,91.31,103,3111,14924882.2,2026-09-21T23:50:00+05:30
2026-09-22,S005,WH0009,3810,258692384.24,695,276,196778377.93,94.44,8015,8214,102.48,2.65,89.37,87.06,97,2572,16716314.59,2026-09-22T23:50:00+05:30
2026-09-23,S005,WH0009,1227,75384975.64,161,274,189776367.68,94.85,23514,23428,99.63,1.96,79.57,78.14,155,4512,10054765.29,2026-09-23T23:50:00+05:30
2026-09-24,S005,WH0009,2291,31222592.36,165,198,208734798.68,96.18,15852,15925,100.46,0.41,89.78,89.19,39,3172,21390528.73,2026-09-24T23:50:00+05:30
2026-09-25,S005,WH0009,1177,44337409.08,409,277,179608535.14,95.77,34334,27110,78.96,1.07,98.39,92.17,178,3202,19483447.95,2026-09-25T23:50:00+05:30
2026-09-26,S005,WH0009,1659,103356867.17,921,208,207597832.47,97.22,10066,8205,81.51,4.35,82.51,82.3,145,1902,23622459.34,2026-09-26T23:50:00+05:30
2026-09-27,S005,WH0009,4044,263694709.34,528,126,198527870.17,95.64,20918,15583,74.5,2.05,78.99,74.05,189,1758,10681498.79,2026-09-27T23:50:00+05:30
2026-09-28,S005,WH0009,1352,161669738.98,302,365,196730220.22,99.46,21478,19584,91.18,4.33,91.9,86.5,119,2142,2257849.99,2026-09-28T23:50:00+05:30
2026-09-29,S005,WH0009,1802,97416927.72,602,113,182929519.72,96.26,31930,23875,74.77,1.72,84.41,83.23,178,4055,25705569.87,2026-09-29T23:50:00+05:30
2026-09-30,S005,WH0009,1309,102910179.08,246,191,199210305.58,99.0,8030,5788,72.08,3.98,99,94.62,119,4729,5552801.78,2026-09-30T23:50:00+05:30
2026-09-01,S006,WH0011,3803,333036797.39,122,210,202575529.06,94.0,27116,22230,81.98,3.6,84.93,83.46,130,4332,1869525.82,2026-09-01T23:50:00+05:30
2026-09-02,S006,WH0011,1060,23906761.83,849,337,186899672.21,98.19,21436,21369,99.69,2.82,91.59,89.34,72,2760,3720844.96,2026-09-02T23:50:00+05:30
2026-09-03,S006,WH0011,2050,161206886.17,367,327,198168136.82,99.8,33745,27197,80.6,1.6,99,94.08,66,3534,15479435.52,2026-09-03T23:50:00+05:30
2026-09-04,S006,WH0011,1821,153515035.84,684,46,200358569.2,97.49,7636,6806,89.13,2.04,83.7,79.51,184,3613,5781507.88,2026-09-04T23:50:00+05:30
2026-09-05,S006,WH0011,2241,113919987.06,651,199,188133951.33,96.35,24442,20304,83.07,2.99,91.37,87.35,102,2489,13108169.42,2026-09-05T23:50:00+05:30
2026-09-06,S006,WH0011,3789,277285151.4,672,28,213012231.57,93.6,11669,12261,105.07,2.5,90.17,87.32,161,3353,12620388.44,2026-09-06T23:50:00+05:30
2026-09-07,S006,WH0011,3822,289764318.23,871,272,204385575.04,94.53,28480,24230,85.08,2.09,87.34,80.51,117,120,18224421.48,2026-09-07T23:50:00+05:30
2026-09-08,S006,WH0011,3332,392914408.91,885,21,211937135.81,92.48,7649,7380,96.48,6.7,89.89,82.97,159,4694,17678685.51,2026-09-08T23:50:00+05:30
2026-09-09,S006,WH0011,3133,47345901.81,242,24,194094540.81,95.54,20450,19857,97.1,3.83,90.99,90.79,131,2428,20016169.94,2026-09-09T23:50:00+05:30
2026-09-10,S006,WH0011,3139,205908995.61,701,192,212324768.85,94.91,28824,26312,91.29,4.53,98.55,95.49,157,1400,19809939.4,2026-09-10T23:50:00+05:30
2026-09-11,S006,WH0011,3430,48266547.98,326,118,209509325.41,95.43,29594,24475,82.7,4.18,81.85,76.29,78,570,12281989.07,2026-09-11T23:50:00+05:30
2026-09-12,S006,WH0011,4107,204759958.27,575,270,204198555.49,94.72,7286,7490,102.8,5.24,82.35,82.11,85,1811,5140102.32,2026-09-12T23:50:00+05:30
2026-09-13,S006,WH0011,4120,84833380.66,353,304,196586983.44,94.57,32654,25530,78.18,0.4,83.54,82.75,108,3751,15702285.89,2026-09-13T23:50:00+05:30
2026-09-14,S006,WH0011,891,48457762.92,151,76,191947861.61,96.77,30070,22599,75.15,2.13,96.37,95.65,119,3156,2633917.58,2026-09-14T23:50:00+05:30
2026-09-15,S006,WH0011,3882,294113751.1,350,55,199652305.94,96.17,11891,10026,84.32,2.96,89.25,87.77,52,4143,14507201.9,2026-09-15T23:50:00+05:30
2026-09-16,S006,WH0011,2908,154266685.79,769,364,193672643.4,97.65,19781,17884,90.41,2.01,87.76,85.55,190,4176,19002441.34,2026-09-16T23:50:00+05:30
2026-09-17,S006,WH0011,1022,99106902.75,274,84,207981021.63,98.63,24750,19806,80.02,3.96,88.45,84.19,89,550,19637986.47,2026-09-17T23:50:00+05:30
2026-09-18,S006,WH0011,1104,18315087.84,608,302,209188477.23,99.37,32595,28334,86.93,3.58,96.29,95.86,103,3113,24517891.26,2026-09-18T23:50:00+05:30
2026-09-19,S006,WH0011,1118,19984003.09,132,299,197902477.28,98.24,26586,20599,77.48,3.59,84.95,82.31,143,1278,13674989.28,2026-09-19T23:50:00+05:30
2026-09-20,S006,WH0011,2134,88983492.89,413,57,193174406.11,93.7,14752,12443,84.35,3.46,90.82,90.77,157,474,18902898.5,2026-09-20T23:50:00+05:30
2026-09-21,S006,WH0011,3875,259799254.67,921,189,202151612.7,97.05,30709,32511,105.87,3.69,82.09,79.86,173,1889,22668555.73,2026-09-21T23:50:00+05:30
2026-09-22,S006,WH0011,668,80360523.64,879,325,197758793.06,95.34,12317,9052,73.49,1.95,83.74,76.82,169,781,5066011.7,2026-09-22T23:50:00+05:30
2026-09-23,S006,WH0011,4144,423439695.28,825,162,189410969.64,94.06,35663,26731,74.95,3.44,98.02,96.99,109,2594,9113836.15,2026-09-23T23:50:00+05:30
2026-09-24,S006,WH0011,654,30463067.63,531,73,208827988.91,94.18,8315,6519,78.4,3.28,85.94,79.77,118,4617,19599579.62,2026-09-24T23:50:00+05:30
2026-09-25,S006,WH0011,1232,116943199.48,432,103,209248377.61,99.48,8248,7975,96.69,4.85,82.16,78.5,40,1978,4143444.45,2026-09-25T23:50:00+05:30
2026-09-26,S006,WH0011,4015,167276535.88,158,284,210470592.09,96.26,23922,21678,90.62,2.3,78.99,74.88,105,691,9205904.46,2026-09-26T23:50:00+05:30
2026-09-27,S006,WH0011,4106,330983976.43,566,336,206134662.21,96.99,12939,9581,74.05,4.15,86.48,82.99,119,3913,9599290.57,2026-09-27T23:50:00+05:30
2026-09-28,S006,WH0011,2419,26270345.41,310,216,198770709.12,94.83,33284,24885,74.77,0.88,90.51,90.22,56,3025,23690302.62,2026-09-28T23:50:00+05:30
2026-09-29,S006,WH0011,2585,162514063.61,549,285,210301852.56,94.13,15159,15666,103.34,3.3,88.97,88.42,182,603,15200552.69,2026-09-29T23:50:00+05:30
2026-09-30,S006,WH0011,2061,192580898.0,547,357,193148718.67,97.14,33817,25040,74.05,4.87,81.32,76.89,32,4714,13885070.8,2026-09-30T23:50:00+05:30
2026-09-01,S007,WH0013,2502,281115438.03,842,195,210057602.82,95.57,9079,9126,100.52,3.86,91.06,86.46,75,408,25942348.99,2026-09-01T23:50:00+05:30
2026-09-02,S007,WH0013,683,15724448.67,409,251,212647940.03,98.27,35413,33084,93.42,3.34,87.69,85.65,89,2034,22291891.33,2026-09-02T23:50:00+05:30
2026-09-03,S007,WH0013,3042,354636350.53,283,64,192073116.38,95.67,13501,12966,96.04,3.83,86.14,85.18,158,560,22130569.44,2026-09-03T23:50:00+05:30
2026-09-04,S007,WH0013,3300,117974698.91,916,72,188686623.44,95.42,9957,9984,100.27,4.23,81.97,75.7,35,903,17074803.67,2026-09-04T23:50:00+05:30
2026-09-05,S007,WH0013,766,31837182.74,356,96,219862500.75,97.33,26553,24410,91.93,4.29,96.66,96.6,64,1576,13302957.37,2026-09-05T23:50:00+05:30
2026-09-06,S007,WH0013,3952,128265843.43,350,233,199630563.47,94.88,28517,29251,102.57,2.52,89.0,88.01,57,2853,18048450.95,2026-09-06T23:50:00+05:30
2026-09-07,S007,WH0013,889,22268952.9,776,321,208311265.53,96.75,16523,12317,74.54,1.09,87.4,86.19,104,4944,11124164.47,2026-09-07T23:50:00+05:30
2026-09-08,S007,WH0013,3205,333485127.69,883,353,201437377.58,95.79,22654,22307,98.47,3.89,90.99,87.64,181,5121,2864338.18,2026-09-08T23:50:00+05:30
2026-09-09,S007,WH0013,1763,74356905.72,857,357,191781643.57,94.4,10566,10131,95.88,4.05,88.67,82.15,42,2735,10497836.81,2026-09-09T23:50:00+05:30
2026-09-10,S007,WH0013,3487,130649401.48,254,285,202849751.77,93.57,30339,28082,92.56,3.96,86.54,82.28,78,653,22451528.96,2026-09-10T23:50:00+05:30
2026-09-11,S007,WH0013,1514,175758616.79,772,46,192388383.93,95.77,24350,20328,83.48,1.56,97.88,92.56,58,5177,11374196.75,2026-09-11T23:50:00+05:30
2026-09-12,S007,WH0013,2839,206710915.55,411,297,189975420.08,95.6,7444,7260,97.53,3.34,99,97.86,147,367,11512529.33,2026-09-12T23:50:00+05:30
2026-09-13,S007,WH0013,2219,227856886.18,433,61,216136297.36,97.75,25868,22212,85.87,4.05,89.1,85.86,67,3131,18889626.32,2026-09-13T23:50:00+05:30
2026-09-14,S007,WH0013,1364,12449737.33,153,52,196437882.0,95.52,20171,16578,82.19,5.64,86.22,85.89,142,4098,16859662.99,2026-09-14T23:50:00+05:30
2026-09-15,S007,WH0013,1802,35093879.54,185,82,192676357.28,94.8,14749,12252,83.07,4.04,91.52,87.66,57,2316,23850693.79,2026-09-15T23:50:00+05:30
2026-09-16,S007,WH0013,1395,38691856.59,456,244,189712942.66,94.01,20767,20754,99.94,2.79,91.94,90.28,171,2541,13190573.95,2026-09-16T23:50:00+05:30
2026-09-17,S007,WH0013,1348,135090801.97,217,308,204881766.39,96.07,29254,25363,86.7,1.92,92.27,85.42,188,5134,15587576.35,2026-09-17T23:50:00+05:30
2026-09-18,S007,WH0013,2575,60587987.7,552,304,203193709.31,96.38,31714,25364,79.98,2.3,86.37,84.22,108,4991,5759380.52,2026-09-18T23:50:00+05:30
2026-09-19,S007,WH0013,2392,147082627.6,663,218,193886083.54,97.44,12776,13513,105.77,3.93,76.85,76.04,40,3781,11558966.97,2026-09-19T23:50:00+05:30
2026-09-20,S007,WH0013,3541,223384409.66,714,242,204436645.6,95.37,24386,17575,72.07,2.0,81.62,76.39,89,2930,14097311.53,2026-09-20T23:50:00+05:30
2026-09-21,S007,WH0013,2301,121498004.34,908,296,194709163.86,94.58,34877,30543,87.57,2.77,79.48,73.09,174,4601,24904839.94,2026-09-21T23:50:00+05:30
2026-09-22,S007,WH0013,1162,85837164.66,677,373,209366298.38,94.25,24347,21874,89.84,0.82,76.79,70.19,138,4678,20687919.51,2026-09-22T23:50:00+05:30
2026-09-23,S007,WH0013,1349,67400268.05,897,343,194047640.26,96.63,24583,18509,75.29,2.29,89.95,84.01,48,4927,6794507.57,2026-09-23T23:50:00+05:30
2026-09-24,S007,WH0013,3175,131351471.31,555,145,209554418.89,95.82,18422,18704,101.53,3.38,85.83,81.14,81,4474,25954333.41,2026-09-24T23:50:00+05:30
2026-09-25,S007,WH0013,3733,362646371.15,751,177,208403862.03,96.54,27661,24781,89.59,2.88,75.86,73.86,59,935,12083116.24,2026-09-25T23:50:00+05:30
2026-09-26,S007,WH0013,2140,81609972.0,413,115,195829797.48,98.74,24565,25165,102.44,2.42,91.99,89.34,160,427,3642049.5,2026-09-26T23:50:00+05:30
2026-09-27,S007,WH0013,2103,238892259.51,134,195,196660354.42,95.3,27408,25621,93.48,4.19,91.38,90.49,151,4415,11706914.71,2026-09-27T23:50:00+05:30
2026-09-28,S007,WH0013,4069,325199425.33,344,346,214350089.7,96.1,33413,27311,81.74,6.09,89.64,83.49,85,3591,18567521.22,2026-09-28T23:50:00+05:30
2026-09-29,S007,WH0013,3302,174357715.72,541,357,190516402.2,97.86,17496,13791,78.82,3.39,90.97,86.24,183,3834,5836852.63,2026-09-29T23:50:00+05:30
2026-09-30,S007,WH0013,3644,153741593.06,566,205,218253184.52,93.7,26701,19793,74.13,2.27,87.72,87.62,21,177,19643145.69,2026-09-30T23:50:00+05:30
2026-09-01,S008,WH0015,4142,280466951.01,905,75,213734936.1,96.08,35309,26241,74.32,5.18,91.44,90.65,36,473,12878551.74,2026-09-01T23:50:00+05:30
2026-09-02,S008,WH0015,1516,14635852.98,361,47,194195859.53,95.7,21372,19469,91.1,2.7,83.71,78.82,108,1580,10162649.65,2026-09-02T23:50:00+05:30
2026-09-03,S008,WH0015,2128,67359028.67,457,125,212046817.85,95.52,31124,25671,82.48,2.39,96.11,94.47,69,4815,16324217.13,2026-09-03T23:50:00+05:30
2026-09-04,S008,WH0015,3733,50258959.16,426,184,190884371.2,95.93,25990,26028,100.15,3.81,93.34,89.93,157,5143,12023012.82,2026-09-04T23:50:00+05:30
2026-09-05,S008,WH0015,2765,92131788.69,800,147,214813979.78,95.75,24696,24811,100.47,2.33,86.15,81.22,135,341,22807020.38,2026-09-05T23:50:00+05:30
2026-09-06,S008,WH0015,3482,43601768.41,150,194,188116856.21,97.46,31612,33003,104.4,2.54,90.46,85.84,60,4903,4426539.13,2026-09-06T23:50:00+05:30
2026-09-07,S008,WH0015,1674,129818326.49,610,112,200684543.02,94.86,19585,20228,103.28,0.4,97.32,91.46,67,541,24333030.53,2026-09-07T23:50:00+05:30
2026-09-08,S008,WH0015,3440,52744470.0,919,113,211490402.58,97.86,32152,27981,87.03,3.98,99,95.22,148,3154,12648948.04,2026-09-08T23:50:00+05:30
2026-09-09,S008,WH0015,1099,30198096.56,897,129,191280144.48,95.34,25323,23559,93.03,1.48,89.84,89.2,51,4590,7775178.97,2026-09-09T23:50:00+05:30
2026-09-10,S008,WH0015,3373,405440567.5,818,230,195283000.94,94.56,32688,26480,81.01,2.68,95.56,95.18,17,969,11960021.01,2026-09-10T23:50:00+05:30
2026-09-11,S008,WH0015,1709,75390752.87,767,355,199496467.77,95.69,11457,8636,75.38,5.03,95.47,89.14,105,410,21783846.66,2026-09-11T23:50:00+05:30
2026-09-12,S008,WH0015,1843,120298466.8,581,217,208461911.0,96.43,23589,21096,89.43,2.36,90.32,86.39,120,688,9296451.43,2026-09-12T23:50:00+05:30
2026-09-13,S008,WH0015,2555,108579507.71,905,107,217408727.06,96.41,34673,28982,83.59,2.77,79.51,78.53,73,2897,3907421.14,2026-09-13T23:50:00+05:30
2026-09-14,S008,WH0015,2972,336458473.49,749,87,189245293.02,97.95,17271,13400,77.59,1.3,85.28,82.7,38,2074,2265905.13,2026-09-14T23:50:00+05:30
2026-09-15,S008,WH0015,1329,25655626.92,257,345,195275800.26,96.94,7666,6795,88.64,4.71,90.77,88.33,39,4137,17172477.25,2026-09-15T23:50:00+05:30
2026-09-16,S008,WH0015,2088,100196592.36,747,153,207403165.13,94.02,28784,21030,73.06,3.61,91.76,90.16,113,4545,8496508.18,2026-09-16T23:50:00+05:30
2026-09-17,S008,WH0015,1276,147405691.13,298,47,205131490.77,98.16,31847,32214,101.15,3.8,91.4,85.32,176,1501,18265565.42,2026-09-17T23:50:00+05:30
2026-09-18,S008,WH0015,3498,428161998.65,217,253,187623511.21,93.14,30285,22705,74.97,2.33,84.68,79.07,33,2373,8187740.16,2026-09-18T23:50:00+05:30
2026-09-19,S008,WH0015,901,17217531.32,281,117,209034355.07,96.63,7305,5550,75.98,3.14,89.02,86.02,103,3882,15980810.61,2026-09-19T23:50:00+05:30
2026-09-20,S008,WH0015,1241,106782534.84,712,148,197579363.5,95.33,14597,14757,101.1,3.82,91.75,86.61,47,598,12602705.97,2026-09-20T23:50:00+05:30
2026-09-21,S008,WH0015,1342,133797164.26,776,342,186075239.21,95.6,24389,25695,105.35,2.94,83.62,81.1,138,4351,24499345.27,2026-09-21T23:50:00+05:30
2026-09-22,S008,WH0015,1594,50926967.83,772,345,198901905.17,96.87,7460,6856,91.9,2.65,86.99,86.21,49,888,2354429.87,2026-09-22T23:50:00+05:30
2026-09-23,S008,WH0015,4175,213229871.91,868,368,196542039.38,96.45,31024,26558,85.6,4.23,99,95.94,177,4971,11594762.17,2026-09-23T23:50:00+05:30
2026-09-24,S008,WH0015,1370,18543045.33,235,132,187649926.11,96.35,24731,18241,73.76,2.25,92.34,90.9,73,2755,9352485.95,2026-09-24T23:50:00+05:30
2026-09-25,S008,WH0015,3763,265478465.09,449,71,217199530.96,97.02,14601,14022,96.03,3.51,85.16,84.59,37,1316,16531435.04,2026-09-25T23:50:00+05:30
2026-09-26,S008,WH0015,2364,234421544.67,608,201,192316004.91,97.84,15906,11545,72.58,1.98,74.03,67.46,123,5176,15615602.45,2026-09-26T23:50:00+05:30
2026-09-27,S008,WH0015,3967,97620568.88,704,266,209216035.94,97.84,11062,8063,72.89,3.29,87.33,86.17,172,4613,17264203.77,2026-09-27T23:50:00+05:30
2026-09-28,S008,WH0015,3819,102882004.67,941,48,185679939.84,94.26,14974,12014,80.23,4.1,91.82,87.69,70,4523,1239531.21,2026-09-28T23:50:00+05:30
2026-09-29,S008,WH0015,3236,238656213.09,251,122,190903985.13,98.64,32723,24097,73.64,1.02,89.27,87.95,137,122,5444398.8,2026-09-29T23:50:00+05:30
2026-09-30,S008,WH0015,3517,324298802.38,218,61,208809199.88,96.91,25697,19191,74.68,2.32,90.3,88.36,157,2520,4599432.07,2026-09-30T23:50:00+05:30
