work_center_id,site_id,work_center_code,work_center_name,work_center_type,daily_capacity_hours,efficiency_baseline_pct,active_flag
WC00001,S001,S001-01,Pune Machining Cell,machining,380.5,95.06,Y
WC00002,S001,S001-02,Pune Assembly Cell,assembly,423.5,86.51,Y
WC00003,S001,S001-03,Pune Painting Cell,painting,366.9,81.12,Y
WC00004,S001,S001-04,Pune Testing Cell,testing,125.1,79.24,Y
WC00005,S001,S001-05,Pune Packaging Cell,packaging,361.1,79.02,Y
WC00006,S001,S001-06,Pune Fabrication Cell,fabrication,269.4,83.93,Y
WC00007,S001,S001-07,Pune Electronics Cell,electronics,192.5,86.3,Y
WC00008,S002,S002-01,Nashik Machining Cell,machining,355.6,84.27,Y
WC00009,S002,S002-02,Nashik Assembly Cell,assembly,295.2,79.39,Y
WC00010,S002,S002-03,Nashik Painting Cell,painting,188.4,80.1,Y
WC00011,S002,S002-04,Nashik Testing Cell,testing,251.6,98,Y
WC00012,S002,S002-05,Nashik Packaging Cell,packaging,344.0,70.76,Y
WC00013,S002,S002-06,Nashik Fabrication Cell,fabrication,469.3,73.15,Y
WC00014,S002,S002-07,Nashik Electronics Cell,electronics,361.6,82.3,Y
WC00015,S003,S003-01,Ahmedabad Machining Cell,machining,265.4,94.15,Y
WC00016,S003,S003-02,Ahmedabad Assembly Cell,assembly,221.7,83.36,Y
WC00017,S003,S003-03,Ahmedabad Painting Cell,painting,241.1,81.25,Y
WC00018,S003,S003-04,Ahmedabad Testing Cell,testing,181.0,75.2,Y
WC00019,S003,S003-05,Ahmedabad Packaging Cell,packaging,439.0,87.98,Y
WC00020,S003,S003-06,Ahmedabad Fabrication Cell,fabrication,341.0,76.39,Y
WC00021,S003,S003-07,Ahmedabad Electronics Cell,electronics,271.9,69.36,Y
WC00022,S004,S004-01,Bengaluru Machining Cell,machining,322.9,86.73,Y
WC00023,S004,S004-02,Bengaluru Assembly Cell,assembly,200.7,81.82,Y
WC00024,S004,S004-03,Bengaluru Painting Cell,painting,328.7,76.11,Y
WC00025,S004,S004-04,Bengaluru Testing Cell,testing,167.3,77.17,Y
WC00026,S004,S004-05,Bengaluru Packaging Cell,packaging,354.1,89.04,Y
WC00027,S004,S004-06,Bengaluru Fabrication Cell,fabrication,268.8,70.04,Y
WC00028,S004,S004-07,Bengaluru Electronics Cell,electronics,234.0,82.87,Y
WC00029,S005,S005-01,Hyderabad Machining Cell,machining,316.3,84.48,Y
WC00030,S005,S005-02,Hyderabad Assembly Cell,assembly,188.3,88.86,Y
WC00031,S005,S005-03,Hyderabad Painting Cell,painting,424.6,85.31,Y
WC00032,S005,S005-04,Hyderabad Testing Cell,testing,304.9,87.88,Y
WC00033,S005,S005-05,Hyderabad Packaging Cell,packaging,230.9,84.41,Y
WC00034,S005,S005-06,Hyderabad Fabrication Cell,fabrication,344.1,87.71,Y
WC00035,S005,S005-07,Hyderabad Electronics Cell,electronics,418.2,74.0,Y
WC00036,S006,S006-01,Delhi Machining Cell,machining,301.9,81.95,Y
WC00037,S006,S006-02,Delhi Assembly Cell,assembly,434.7,87.12,Y
WC00038,S006,S006-03,Delhi Painting Cell,painting,175.0,78.27,Y
WC00039,S006,S006-04,Delhi Testing Cell,testing,462.4,83.8,Y
WC00040,S006,S006-05,Delhi Packaging Cell,packaging,382.1,81.61,Y
WC00041,S006,S006-06,Delhi Fabrication Cell,fabrication,205.0,79.23,Y
WC00042,S006,S006-07,Delhi Electronics Cell,electronics,455.3,77.32,Y
WC00043,S007,S007-01,Kolkata Machining Cell,machining,460.0,77.94,Y
WC00044,S007,S007-02,Kolkata Assembly Cell,assembly,389.1,87.71,Y
WC00045,S007,S007-03,Kolkata Painting Cell,painting,258.1,76.23,Y
WC00046,S007,S007-04,Kolkata Testing Cell,testing,470.8,83.28,Y
WC00047,S007,S007-05,Kolkata Packaging Cell,packaging,475.0,71.31,Y
WC00048,S007,S007-06,Kolkata Fabrication Cell,fabrication,164.4,81.0,Y
WC00049,S007,S007-07,Kolkata Electronics Cell,electronics,272.7,83.0,Y
WC00050,S008,S008-01,Indore Machining Cell,machining,188.7,71.13,Y
WC00051,S008,S008-02,Indore Assembly Cell,assembly,326.7,93.28,Y
WC00052,S008,S008-03,Indore Painting Cell,painting,126.9,84.59,Y
WC00053,S008,S008-04,Indore Testing Cell,testing,247.7,74.46,Y
WC00054,S008,S008-05,Indore Packaging Cell,packaging,251.1,74.42,Y
WC00055,S008,S008-06,Indore Fabrication Cell,fabrication,182.5,83.69,Y
WC00056,S008,S008-07,Indore Electronics Cell,electronics,124.9,79.34,Y
